config.attack,config.attack_params.allow_removals,config.attack_params.alpha,config.attack_params.attack_incoming,config.attack_params.clamp,config.attack_params.connect_strategy,config.attack_params.early_stop,config.attack_params.edges_per_injected,config.attack_params.eps,config.attack_params.init,config.attack_params.n_inject,config.attack_params.n_perturbations,config.attack_params.random_start,config.attack_params.sample_size,config.attack_params.seed,config.attack_params.steps,config.attack_params.target_label,config.attack_params.targeted,config.attack_params.undirected,config.budgets.edge_budget,config.budgets.n_inject,config.candidates.K_hop,config.candidates.alpha,config.candidates.neighbor_mode,config.clamp,config.desired_label,config.device,config.graph.attack_incoming,config.graph.undirected,config.model_name,config.opt.alpha_step,config.opt.eps,config.opt.inner_steps,config.opt.outer_rounds,config.seed,config.split,config.target_selection.attack_fraction,config.target_selection.attack_only_illicit,config.target_selection.max_targets,config.target_selection.n_targets,config.target_selection.only_clean_correct,config.target_selection.seed,config.timestamp,metrics.adv_split_metrics.acc,metrics.adv_split_metrics.confusion_matrix_2x2,metrics.adv_split_metrics.f1_macro,metrics.adv_split_metrics.f1_pos,metrics.adv_split_metrics.fraud_predictions,metrics.adv_split_metrics.n_labeled,metrics.adv_split_metrics.precision_macro,metrics.adv_split_metrics.precision_pos,metrics.adv_split_metrics.recall_macro,metrics.adv_split_metrics.recall_pos,metrics.adv_split_metrics.split,metrics.asr,metrics.asr.attacked.attempted,metrics.asr.attacked.success,metrics.asr.attacked.value,metrics.asr.attempted,metrics.asr.pos_neg_on_attacked.asr_neg,metrics.asr.pos_neg_on_attacked.asr_pos,metrics.asr.pos_neg_on_attacked.attempted_neg,metrics.asr.pos_neg_on_attacked.attempted_pos,metrics.asr.pos_neg_on_attacked.succ_neg,metrics.asr.pos_neg_on_attacked.succ_pos,metrics.asr.split.attempted,metrics.asr.split.success,metrics.asr.split.value,metrics.asr.success,metrics.asr.value,metrics.asr_pos_neg.asr_neg,metrics.asr_pos_neg.asr_pos,metrics.asr_pos_neg.attempted_neg,metrics.asr_pos_neg.attempted_pos,metrics.asr_pos_neg.succ_neg,metrics.asr_pos_neg.succ_pos,metrics.attack,metrics.attack_mask_n,metrics.attempted_clean_correct,metrics.clean_split_metrics.acc,metrics.clean_split_metrics.confusion_matrix_2x2,metrics.clean_split_metrics.f1_macro,metrics.clean_split_metrics.f1_pos,metrics.clean_split_metrics.fraud_predictions,metrics.clean_split_metrics.n_labeled,metrics.clean_split_metrics.precision_macro,metrics.clean_split_metrics.precision_pos,metrics.clean_split_metrics.recall_macro,metrics.clean_split_metrics.recall_pos,metrics.clean_split_metrics.split,metrics.f1.macro_adv,metrics.f1.macro_clean,metrics.f1.pos_adv,metrics.f1.pos_clean,metrics.injection.edges_added,metrics.injection.injected_edges,metrics.injection.injected_node_ids,metrics.injection.n_injected_nodes,metrics.mean_confidence_drop.n,metrics.mean_confidence_drop.value,metrics.mean_confidence_drop_clean_correct.n,metrics.mean_confidence_drop_clean_correct.value,metrics.model_name,metrics.n_targets,metrics.roc_auc.adv,metrics.roc_auc.clean,metrics.split,metrics.success,run_dir
FGSM,,,,,,,,0.01,,,,,,,,0,False,,,,,,,,,mps,,,gcn,,,,,,test,1.0,True,,174,True,0,20260120_161436_270028,0.9569053274516457,"[[8301, 132], [249, 159]]",0.7162507117064048,0.45493562231759654,291,8841,0.7586344727798878,0.5463917525773195,0.6870265448762216,0.3897058823529412,test,,,,,174,,,,,,,,,,15,0.08620689655172414,0.0,0.08620689655172414,0,174,0,15,FGSM,174,,0.9586019681031558,"[[8301, 132], [234, 174]]",0.7329124719194609,0.48739495798319327,306,8841,0.7706054653847478,0.5686274509803921,0.705408897817398,0.4264705882352941,test,0.7162507117064048,0.7329124719194609,0.45493562231759654,0.48739495798319327,,,,,174,0.04678035527467728,,,gcn,174,0.8172942780812075,0.8183222773278646,test,,attacks/gcn_fgsm_20260120_161436_270028
FGSM,,,,,,,,0.03,,,,,,,,0,False,,,,,,,,,mps,,,gcn,,,,,,test,1.0,True,,174,True,0,20260120_161437_382664,0.9528333898880217,"[[8302, 131], [286, 122]]",0.6723192610427574,0.3691376701966717,253,8841,0.7244555782404347,0.48221343873517786,0.6417426985023821,0.29901960784313725,test,,,,,174,,,,,,,,,,52,0.2988505747126437,0.0,0.2988505747126437,0,174,0,52,FGSM,174,,0.9586019681031558,"[[8301, 132], [234, 174]]",0.7329124719194609,0.48739495798319327,306,8841,0.7706054653847478,0.5686274509803921,0.705408897817398,0.4264705882352941,test,0.6723192610427574,0.7329124719194609,0.3691376701966717,0.48739495798319327,,,,,174,0.2574930191040039,,,gcn,174,0.8100090563914408,0.8183222773278646,test,,attacks/gcn_fgsm_20260120_161437_382664
FGSM,,,,,,,,0.05,,,,,,,,0,False,,,,,,,,,mps,,,gcn,,,,,,test,1.0,True,,174,True,0,20260120_161438_481557,0.947177921049655,"[[8302, 131], [336, 72]]",0.6041614395485649,0.23567921440261866,203,8841,0.6578909549624354,0.35467980295566504,0.5804681886984605,0.17647058823529413,test,,,,,174,,,,,,,,,,102,0.5862068965517241,0.0,0.5862068965517241,0,174,0,102,FGSM,174,,0.9586019681031558,"[[8301, 132], [234, 174]]",0.7329124719194609,0.48739495798319327,306,8841,0.7706054653847478,0.5686274509803921,0.705408897817398,0.4264705882352941,test,0.6041614395485649,0.7329124719194609,0.23567921440261866,0.48739495798319327,,,,,174,0.486068993806839,,,gcn,174,0.7735637655987333,0.8183222773278646,test,,attacks/gcn_fgsm_20260120_161438_481557
FGSM,,,,,,,,0.1,,,,,,,,0,False,,,,,,,,,mps,,,gcn,,,,,,test,1.0,True,,174,True,0,20260120_161439_606166,0.9412962334577536,"[[8302, 131], [388, 20]]",0.5206231207081417,0.07155635062611806,151,8841,0.5439006546308081,0.13245033112582782,0.5167426985023821,0.049019607843137254,test,,,,,174,,,,,,,,,,154,0.8850574712643678,0.0,0.8850574712643678,0,174,0,154,FGSM,174,,0.9586019681031558,"[[8301, 132], [234, 174]]",0.7329124719194609,0.48739495798319327,306,8841,0.7706054653847478,0.5686274509803921,0.705408897817398,0.4264705882352941,test,0.5206231207081417,0.7329124719194609,0.07155635062611806,0.48739495798319327,,,,,174,0.7533506155014038,,,gcn,174,0.687537056800664,0.8183222773278646,test,,attacks/gcn_fgsm_20260120_161439_606166
FGSM,,,,,,,,0.01,,,,,,,,0,False,,,,,,,,,mps,,,gcn,,,,,,test,1.0,True,,174,True,1,20260120_161440_704824,0.9569053274516457,"[[8301, 132], [249, 159]]",0.7162507117064048,0.45493562231759654,291,8841,0.7586344727798878,0.5463917525773195,0.6870265448762216,0.3897058823529412,test,,,,,174,,,,,,,,,,15,0.08620689655172414,0.0,0.08620689655172414,0,174,0,15,FGSM,174,,0.9586019681031558,"[[8301, 132], [234, 174]]",0.7329124719194609,0.48739495798319327,306,8841,0.7706054653847478,0.5686274509803921,0.705408897817398,0.4264705882352941,test,0.7162507117064048,0.7329124719194609,0.45493562231759654,0.48739495798319327,,,,,174,0.04678035527467728,,,gcn,174,0.8172942780812075,0.8183222773278646,test,,attacks/gcn_fgsm_20260120_161440_704824
FGSM,,,,,,,,0.03,,,,,,,,0,False,,,,,,,,,mps,,,gcn,,,,,,test,1.0,True,,174,True,1,20260120_161441_831573,0.9528333898880217,"[[8302, 131], [286, 122]]",0.6723192610427574,0.3691376701966717,253,8841,0.7244555782404347,0.48221343873517786,0.6417426985023821,0.29901960784313725,test,,,,,174,,,,,,,,,,52,0.2988505747126437,0.0,0.2988505747126437,0,174,0,52,FGSM,174,,0.9586019681031558,"[[8301, 132], [234, 174]]",0.7329124719194609,0.48739495798319327,306,8841,0.7706054653847478,0.5686274509803921,0.705408897817398,0.4264705882352941,test,0.6723192610427574,0.7329124719194609,0.3691376701966717,0.48739495798319327,,,,,174,0.2574930191040039,,,gcn,174,0.8100090563914408,0.8183222773278646,test,,attacks/gcn_fgsm_20260120_161441_831573
FGSM,,,,,,,,0.05,,,,,,,,0,False,,,,,,,,,mps,,,gcn,,,,,,test,1.0,True,,174,True,1,20260120_161442_925718,0.947177921049655,"[[8302, 131], [336, 72]]",0.6041614395485649,0.23567921440261866,203,8841,0.6578909549624354,0.35467980295566504,0.5804681886984605,0.17647058823529413,test,,,,,174,,,,,,,,,,102,0.5862068965517241,0.0,0.5862068965517241,0,174,0,102,FGSM,174,,0.9586019681031558,"[[8301, 132], [234, 174]]",0.7329124719194609,0.48739495798319327,306,8841,0.7706054653847478,0.5686274509803921,0.705408897817398,0.4264705882352941,test,0.6041614395485649,0.7329124719194609,0.23567921440261866,0.48739495798319327,,,,,174,0.486068993806839,,,gcn,174,0.7735637655987333,0.8183222773278646,test,,attacks/gcn_fgsm_20260120_161442_925718
FGSM,,,,,,,,0.1,,,,,,,,0,False,,,,,,,,,mps,,,gcn,,,,,,test,1.0,True,,174,True,1,20260120_161444_014744,0.9412962334577536,"[[8302, 131], [388, 20]]",0.5206231207081417,0.07155635062611806,151,8841,0.5439006546308081,0.13245033112582782,0.5167426985023821,0.049019607843137254,test,,,,,174,,,,,,,,,,154,0.8850574712643678,0.0,0.8850574712643678,0,174,0,154,FGSM,174,,0.9586019681031558,"[[8301, 132], [234, 174]]",0.7329124719194609,0.48739495798319327,306,8841,0.7706054653847478,0.5686274509803921,0.705408897817398,0.4264705882352941,test,0.5206231207081417,0.7329124719194609,0.07155635062611806,0.48739495798319327,,,,,174,0.7533506155014038,,,gcn,174,0.687537056800664,0.8183222773278646,test,,attacks/gcn_fgsm_20260120_161444_014744
MonTiOneTimeInjectionAttack (practical adaptation),,,,,,,,,,,,,,,,,,,20,5,2,500,undirected,,0,mps,True,False,gcn,0.01,0.05,30,3,0,test,1.0,True,,174,True,,20260120_162357_302663,0.9584888587263884,"[[8301, 132], [235, 173]]",0.7318229091461809,0.485273492286115,305,8841,0.7698413277613041,0.5672131147540984,0.7041834076213196,0.42401960784313725,test,,174,1,0.005747126436781609,,0.0,0.005747126436781609,0,174,0,1,,,,,,,,,,,,MonTiOneTimeInjectionAttack (practical adaptation),,,0.9586019681031558,"[[8301, 132], [234, 174]]",0.7329124719194609,0.48739495798319327,306,8841,0.7706054653847478,0.5686274509803921,0.705408897817398,0.4264705882352941,test,0.7318229091461809,0.7329124719194609,0.485273492286115,0.48739495798319327,20,"[[203769, 42913], [203770, 42913], [203771, 42913], [203772, 42913], [203773, 42913], [203772, 203773], [203773, 203772], [203770, 203773], [203773, 203770], [203769, 203773], [203773, 203769], [203769, 203770], [203770, 203769], [203770, 203771], [203771, 203770], [203772, 203770], [203770, 203772], [203772, 203771], [203771, 203772], [203769, 203771]]","[203769, 203770, 203771, 203772, 203773]",5,174,0.004788672551512718,,,gcn,174,0.8176145650955746,0.8183222773278646,test,,attacks/gcn_monti_20260120_162357_302663
MonTiOneTimeInjectionAttack (practical adaptation),,,,,,,,,,,,,,,,,,,50,5,2,500,undirected,,0,mps,True,False,gcn,0.01,0.05,30,3,0,test,1.0,True,,174,True,,20260120_162432_804550,0.9586019681031558,"[[8302, 131], [235, 173]]",0.7321937920851734,0.4859550561797753,304,8841,0.7707758564884744,0.569078947368421,0.7042426985023821,0.42401960784313725,test,,174,1,0.005747126436781609,,0.0,0.005747126436781609,0,174,0,1,,,,,,,,,,,,MonTiOneTimeInjectionAttack (practical adaptation),,,0.9586019681031558,"[[8301, 132], [234, 174]]",0.7329124719194609,0.48739495798319327,306,8841,0.7706054653847478,0.5686274509803921,0.705408897817398,0.4264705882352941,test,0.7321937920851734,0.7329124719194609,0.4859550561797753,0.48739495798319327,50,"[[203769, 42913], [203770, 42913], [203771, 42913], [203772, 42913], [203773, 42913], [203770, 203773], [203773, 203770], [203769, 203770], [203770, 203769], [203769, 203773], [203773, 203769], [203770, 203772], [203772, 203770], [203769, 203772], [203772, 203769], [203772, 203773], [203773, 203772], [203769, 203771], [203771, 203769], [203771, 203773], [203773, 203771], [203770, 203771], [203771, 203770], [203771, 203772], [203772, 203771], [203772, 57079], [203771, 57079], [203769, 57079], [203770, 57079], [203773, 57079], [203771, 79245], [203773, 79245], [203770, 79245], [203769, 79245], [203772, 79245], [203771, 47778], [203773, 47778], [203770, 47778], [203769, 47778], [203772, 47778], [203771, 42372], [203773, 78190], [203770, 78190], [203769, 78190], [203771, 78190], [203772, 78190], [203773, 42372], [203770, 42372], [203769, 42372], [203772, 42372]]","[203769, 203770, 203771, 203772, 203773]",5,174,0.005130822770297527,,,gcn,174,0.8163206288088578,0.8183222773278646,test,,attacks/gcn_monti_20260120_162432_804550
MonTiOneTimeInjectionAttack (practical adaptation),,,,,,,,,,,,,,,,,,,100,5,2,500,undirected,,0,mps,True,False,gcn,0.01,0.05,30,3,0,test,1.0,True,,174,True,,20260120_162508_627963,0.9586019681031558,"[[8302, 131], [235, 173]]",0.7321937920851734,0.4859550561797753,304,8841,0.7707758564884744,0.569078947368421,0.7042426985023821,0.42401960784313725,test,,174,1,0.005747126436781609,,0.0,0.005747126436781609,0,174,0,1,,,,,,,,,,,,MonTiOneTimeInjectionAttack (practical adaptation),,,0.9586019681031558,"[[8301, 132], [234, 174]]",0.7329124719194609,0.48739495798319327,306,8841,0.7706054653847478,0.5686274509803921,0.705408897817398,0.4264705882352941,test,0.7321937920851734,0.7329124719194609,0.4859550561797753,0.48739495798319327,100,"[[203769, 42913], [203770, 42913], [203771, 42913], [203772, 42913], [203773, 42913], [203770, 203773], [203773, 203770], [203769, 203770], [203770, 203769], [203769, 203773], [203773, 203769], [203770, 203772], [203772, 203770], [203769, 203772], [203772, 203769], [203772, 203773], [203773, 203772], [203769, 203771], [203771, 203769], [203771, 203773], [203773, 203771], [203770, 203771], [203771, 203770], [203771, 203772], [203772, 203771], [203772, 57079], [203771, 57079], [203769, 57079], [203770, 57079], [203773, 57079], [203771, 79245], [203773, 79245], [203770, 79245], [203769, 79245], [203772, 79245], [203771, 47778], [203773, 47778], [203770, 47778], [203769, 47778], [203772, 47778], [203771, 42372], [203773, 78190], [203770, 78190], [203769, 78190], [203771, 78190], [203772, 78190], [203773, 42372], [203770, 42372], [203769, 42372], [203772, 42372], [203773, 4290], [203770, 4290], [203769, 4290], [203772, 4290], [203771, 4290], [203771, 44569], [203772, 44569], [203770, 44569], [203769, 44569], [203773, 44569], [203772, 3680], [203770, 3680], [203769, 3680], [203773, 3680], [203771, 3680], [203773, 4763], [203770, 4763], [203769, 4763], [203772, 4763], [203771, 4763], [203773, 7020], [203770, 7020], [203769, 7020], [203772, 7020], [203771, 7020], [203773, 17387], [203770, 17387], [203769, 17387], [203772, 17387], [203771, 22587], [203771, 17387], [203773, 22587], [203770, 22587], [203769, 22587], [203772, 22587], [203773, 18145], [203770, 18145], [203769, 18145], [203772, 18145], [203771, 18145], [203771, 65044], [203772, 65044], [203773, 7470], [203770, 7470], [203769, 7470], [203772, 7470], [203770, 65044], [203769, 65044], [203773, 65044], [203773, 16707]]","[203769, 203770, 203771, 203772, 203773]",5,174,0.005071753636002541,,,gcn,174,0.8164328164563583,0.8183222773278646,test,,attacks/gcn_monti_20260120_162508_627963
MonTiOneTimeInjectionAttack (practical adaptation),,,,,,,,,,,,,,,,,,,20,10,2,500,undirected,,0,mps,True,False,gcn,0.01,0.05,30,3,0,test,1.0,True,,174,True,,20260120_162545_999712,0.9584888587263884,"[[8301, 132], [235, 173]]",0.7318229091461809,0.485273492286115,305,8841,0.7698413277613041,0.5672131147540984,0.7041834076213196,0.42401960784313725,test,,174,1,0.005747126436781609,,0.0,0.005747126436781609,0,174,0,1,,,,,,,,,,,,MonTiOneTimeInjectionAttack (practical adaptation),,,0.9586019681031558,"[[8301, 132], [234, 174]]",0.7329124719194609,0.48739495798319327,306,8841,0.7706054653847478,0.5686274509803921,0.705408897817398,0.4264705882352941,test,0.7318229091461809,0.7329124719194609,0.485273492286115,0.48739495798319327,20,"[[203769, 42913], [203770, 42913], [203771, 42913], [203772, 42913], [203773, 42913], [203774, 42913], [203775, 42913], [203776, 42913], [203777, 42913], [203778, 42913], [203770, 203775], [203775, 203770], [203770, 203777], [203777, 203770], [203775, 203776], [203776, 203775], [203774, 203776], [203776, 203774], [203772, 203773], [203773, 203772]]","[203769, 203770, 203771, 203772, 203773, 203774, 203775, 203776, 203777, 203778]",10,174,0.0048689465038478374,,,gcn,174,0.8162558157378925,0.8183222773278646,test,,attacks/gcn_monti_20260120_162545_999712
MonTiOneTimeInjectionAttack (practical adaptation),,,,,,,,,,,,,,,,,,,50,10,2,500,undirected,,0,mps,True,False,gcn,0.01,0.05,30,3,0,test,1.0,True,,174,True,,20260120_162623_395465,0.9584888587263884,"[[8301, 132], [235, 173]]",0.7318229091461809,0.485273492286115,305,8841,0.7698413277613041,0.5672131147540984,0.7041834076213196,0.42401960784313725,test,,174,1,0.005747126436781609,,0.0,0.005747126436781609,0,174,0,1,,,,,,,,,,,,MonTiOneTimeInjectionAttack (practical adaptation),,,0.9586019681031558,"[[8301, 132], [234, 174]]",0.7329124719194609,0.48739495798319327,306,8841,0.7706054653847478,0.5686274509803921,0.705408897817398,0.4264705882352941,test,0.7318229091461809,0.7329124719194609,0.485273492286115,0.48739495798319327,50,"[[203769, 42913], [203770, 42913], [203771, 42913], [203772, 42913], [203773, 42913], [203774, 42913], [203775, 42913], [203776, 42913], [203777, 42913], [203778, 42913], [203770, 203775], [203775, 203770], [203770, 203777], [203777, 203770], [203775, 203776], [203776, 203775], [203774, 203776], [203776, 203774], [203772, 203773], [203773, 203772], [203777, 203775], [203775, 203777], [203771, 203774], [203774, 203771], [203770, 203773], [203773, 203770], [203772, 203776], [203776, 203772], [203774, 203775], [203775, 203774], [203771, 203775], [203775, 203771], [203777, 203774], [203774, 203777], [203771, 203777], [203777, 203771], [203772, 203775], [203775, 203772], [203773, 203775], [203775, 203773], [203772, 203778], [203778, 203772], [203771, 203776], [203776, 203771], [203777, 203776], [203776, 203777], [203770, 203776], [203776, 203770], [203772, 203777], [203777, 203772]]","[203769, 203770, 203771, 203772, 203773, 203774, 203775, 203776, 203777, 203778]",10,174,0.004862294998019934,,,gcn,174,0.8168091972944758,0.8183222773278646,test,,attacks/gcn_monti_20260120_162623_395465
MonTiOneTimeInjectionAttack (practical adaptation),,,,,,,,,,,,,,,,,,,100,10,2,500,undirected,,0,mps,True,False,gcn,0.01,0.05,30,3,0,test,1.0,True,,174,True,,20260120_162700_777780,0.9584888587263884,"[[8301, 132], [235, 173]]",0.7318229091461809,0.485273492286115,305,8841,0.7698413277613041,0.5672131147540984,0.7041834076213196,0.42401960784313725,test,,174,1,0.005747126436781609,,0.0,0.005747126436781609,0,174,0,1,,,,,,,,,,,,MonTiOneTimeInjectionAttack (practical adaptation),,,0.9586019681031558,"[[8301, 132], [234, 174]]",0.7329124719194609,0.48739495798319327,306,8841,0.7706054653847478,0.5686274509803921,0.705408897817398,0.4264705882352941,test,0.7318229091461809,0.7329124719194609,0.485273492286115,0.48739495798319327,100,"[[203769, 42913], [203770, 42913], [203771, 42913], [203772, 42913], [203773, 42913], [203774, 42913], [203775, 42913], [203776, 42913], [203777, 42913], [203778, 42913], [203770, 203775], [203775, 203770], [203770, 203777], [203777, 203770], [203775, 203776], [203776, 203775], [203774, 203776], [203776, 203774], [203772, 203773], [203773, 203772], [203777, 203775], [203775, 203777], [203771, 203774], [203774, 203771], [203770, 203773], [203773, 203770], [203772, 203776], [203776, 203772], [203774, 203775], [203775, 203774], [203771, 203775], [203775, 203771], [203777, 203774], [203774, 203777], [203771, 203777], [203777, 203771], [203772, 203775], [203775, 203772], [203773, 203775], [203775, 203773], [203772, 203778], [203778, 203772], [203771, 203776], [203776, 203771], [203777, 203776], [203776, 203777], [203770, 203776], [203776, 203770], [203772, 203777], [203777, 203772], [203769, 203776], [203776, 203769], [203769, 203774], [203774, 203769], [203777, 203773], [203773, 203777], [203778, 203776], [203776, 203778], [203769, 203773], [203773, 203769], [203769, 203778], [203778, 203769], [203774, 203778], [203778, 203774], [203775, 203778], [203778, 203775], [203772, 203774], [203774, 203772], [203769, 203770], [203770, 203769], [203770, 203771], [203771, 203770], [203773, 203774], [203774, 203773], [203770, 203774], [203774, 203770], [203772, 203770], [203770, 203772], [203773, 203776], [203776, 203773], [203777, 203778], [203778, 203777], [203772, 203771], [203771, 203772], [203769, 203771], [203771, 203769], [203769, 203775], [203775, 203769], [203773, 203778], [203778, 203773], [203770, 203778], [203778, 203770], [203771, 203778], [203778, 203771], [203777, 203769], [203769, 203777], [203771, 203773], [203773, 203771], [203772, 203769], [203769, 203772]]","[203769, 203770, 203771, 203772, 203773, 203774, 203775, 203776, 203777, 203778]",10,174,0.004782882519066334,,,gcn,174,0.8176360725720384,0.8183222773278646,test,,attacks/gcn_monti_20260120_162700_777780
MonTiOneTimeInjectionAttack (practical adaptation),,,,,,,,,,,,,,,,,,,20,5,2,500,undirected,,0,mps,True,False,gcn,0.01,0.05,30,3,1,test,1.0,True,,174,True,,20260120_162736_237836,0.9584888587263884,"[[8301, 132], [235, 173]]",0.7318229091461809,0.485273492286115,305,8841,0.7698413277613041,0.5672131147540984,0.7041834076213196,0.42401960784313725,test,,174,1,0.005747126436781609,,0.0,0.005747126436781609,0,174,0,1,,,,,,,,,,,,MonTiOneTimeInjectionAttack (practical adaptation),,,0.9586019681031558,"[[8301, 132], [234, 174]]",0.7329124719194609,0.48739495798319327,306,8841,0.7706054653847478,0.5686274509803921,0.705408897817398,0.4264705882352941,test,0.7318229091461809,0.7329124719194609,0.485273492286115,0.48739495798319327,20,"[[203769, 42913], [203770, 42913], [203771, 42913], [203772, 42913], [203773, 42913], [203769, 203771], [203771, 203769], [203770, 203771], [203771, 203770], [203769, 203770], [203770, 203769], [203770, 203772], [203772, 203770], [203772, 203771], [203771, 203772], [203770, 203773], [203773, 203770], [203772, 203773], [203773, 203772], [203771, 203773]]","[203769, 203770, 203771, 203772, 203773]",5,174,0.004823440220206976,,,gcn,174,0.8174308796209104,0.8183222773278646,test,,attacks/gcn_monti_20260120_162736_237836
MonTiOneTimeInjectionAttack (practical adaptation),,,,,,,,,,,,,,,,,,,50,5,2,500,undirected,,0,mps,True,False,gcn,0.01,0.05,30,3,1,test,1.0,True,,174,True,,20260120_162811_916918,0.9586019681031558,"[[8302, 131], [235, 173]]",0.7321937920851734,0.4859550561797753,304,8841,0.7707758564884744,0.569078947368421,0.7042426985023821,0.42401960784313725,test,,174,1,0.005747126436781609,,0.0,0.005747126436781609,0,174,0,1,,,,,,,,,,,,MonTiOneTimeInjectionAttack (practical adaptation),,,0.9586019681031558,"[[8301, 132], [234, 174]]",0.7329124719194609,0.48739495798319327,306,8841,0.7706054653847478,0.5686274509803921,0.705408897817398,0.4264705882352941,test,0.7321937920851734,0.7329124719194609,0.4859550561797753,0.48739495798319327,50,"[[203769, 42913], [203770, 42913], [203771, 42913], [203772, 42913], [203773, 42913], [203771, 203772], [203772, 203771], [203769, 203771], [203771, 203769], [203769, 203772], [203772, 203769], [203770, 203773], [203773, 203770], [203769, 203773], [203773, 203769], [203770, 203769], [203769, 203770], [203772, 203773], [203771, 203773], [203773, 203772], [203773, 203771], [203770, 203771], [203770, 203772], [203772, 203770], [203771, 203770], [203770, 57079], [203773, 57079], [203769, 57079], [203771, 57079], [203772, 57079], [203771, 79245], [203772, 79245], [203769, 79245], [203770, 79245], [203773, 79245], [203771, 47778], [203769, 47778], [203772, 47778], [203770, 47778], [203773, 47778], [203772, 78190], [203771, 78190], [203769, 78190], [203773, 78190], [203770, 78190], [203769, 42372], [203771, 42372], [203772, 42372], [203770, 42372], [203773, 42372]]","[203769, 203770, 203771, 203772, 203773]",5,174,0.0051308199763298035,,,gcn,174,0.8163206288088578,0.8183222773278646,test,,attacks/gcn_monti_20260120_162811_916918
MonTiOneTimeInjectionAttack (practical adaptation),,,,,,,,,,,,,,,,,,,100,5,2,500,undirected,,0,mps,True,False,gcn,0.01,0.05,30,3,1,test,1.0,True,,174,True,,20260120_162847_675000,0.9586019681031558,"[[8302, 131], [235, 173]]",0.7321937920851734,0.4859550561797753,304,8841,0.7707758564884744,0.569078947368421,0.7042426985023821,0.42401960784313725,test,,174,1,0.005747126436781609,,0.0,0.005747126436781609,0,174,0,1,,,,,,,,,,,,MonTiOneTimeInjectionAttack (practical adaptation),,,0.9586019681031558,"[[8301, 132], [234, 174]]",0.7329124719194609,0.48739495798319327,306,8841,0.7706054653847478,0.5686274509803921,0.705408897817398,0.4264705882352941,test,0.7321937920851734,0.7329124719194609,0.4859550561797753,0.48739495798319327,100,"[[203769, 42913], [203770, 42913], [203771, 42913], [203772, 42913], [203773, 42913], [203771, 203772], [203772, 203771], [203769, 203771], [203771, 203769], [203769, 203772], [203772, 203769], [203770, 203773], [203773, 203770], [203769, 203773], [203773, 203769], [203770, 203769], [203769, 203770], [203772, 203773], [203771, 203773], [203773, 203772], [203773, 203771], [203770, 203771], [203770, 203772], [203772, 203770], [203771, 203770], [203770, 57079], [203773, 57079], [203769, 57079], [203771, 57079], [203772, 57079], [203771, 79245], [203772, 79245], [203769, 79245], [203770, 79245], [203773, 79245], [203771, 47778], [203769, 47778], [203772, 47778], [203770, 47778], [203773, 47778], [203772, 78190], [203771, 78190], [203769, 78190], [203773, 78190], [203770, 78190], [203769, 42372], [203771, 42372], [203772, 42372], [203770, 42372], [203773, 42372], [203772, 4290], [203773, 4290], [203771, 4290], [203770, 4290], [203769, 4290], [203769, 44569], [203771, 44569], [203772, 44569], [203770, 44569], [203773, 44569], [203773, 3680], [203770, 3680], [203772, 3680], [203771, 3680], [203769, 3680], [203773, 4763], [203770, 4763], [203772, 4763], [203771, 4763], [203769, 4763], [203773, 7020], [203770, 7020], [203772, 7020], [203771, 7020], [203769, 7020], [203773, 17387], [203770, 17387], [203772, 17387], [203771, 17387], [203769, 17387], [203769, 22587], [203771, 22587], [203772, 22587], [203770, 22587], [203773, 22587], [203773, 18145], [203770, 18145], [203772, 18145], [203771, 18145], [203769, 18145], [203773, 7470], [203772, 7470], [203771, 7470], [203770, 7470], [203770, 65044], [203769, 7470], [203773, 65044], [203769, 65044], [203773, 16707], [203770, 16707]]","[203769, 203770, 203771, 203772, 203773]",5,174,0.005071750842034817,,,gcn,174,0.8164508362339362,0.8183222773278646,test,,attacks/gcn_monti_20260120_162847_675000
MonTiOneTimeInjectionAttack (practical adaptation),,,,,,,,,,,,,,,,,,,20,10,2,500,undirected,,0,mps,True,False,gcn,0.01,0.05,30,3,1,test,1.0,True,,174,True,,20260120_162925_294031,0.9584888587263884,"[[8301, 132], [235, 173]]",0.7318229091461809,0.485273492286115,305,8841,0.7698413277613041,0.5672131147540984,0.7041834076213196,0.42401960784313725,test,,174,1,0.005747126436781609,,0.0,0.005747126436781609,0,174,0,1,,,,,,,,,,,,MonTiOneTimeInjectionAttack (practical adaptation),,,0.9586019681031558,"[[8301, 132], [234, 174]]",0.7329124719194609,0.48739495798319327,306,8841,0.7706054653847478,0.5686274509803921,0.705408897817398,0.4264705882352941,test,0.7318229091461809,0.7329124719194609,0.485273492286115,0.48739495798319327,20,"[[203769, 42913], [203770, 42913], [203771, 42913], [203772, 42913], [203773, 42913], [203774, 42913], [203775, 42913], [203776, 42913], [203777, 42913], [203778, 42913], [203776, 203771], [203771, 203776], [203778, 203771], [203771, 203778], [203769, 203771], [203771, 203769], [203772, 203776], [203776, 203772], [203769, 203778], [203778, 203769]]","[203769, 203770, 203771, 203772, 203773, 203774, 203775, 203776, 203777, 203778]",10,174,0.004869008436799049,,,gcn,174,0.816230239279395,0.8183222773278646,test,,attacks/gcn_monti_20260120_162925_294031
MonTiOneTimeInjectionAttack (practical adaptation),,,,,,,,,,,,,,,,,,,50,10,2,500,undirected,,0,mps,True,False,gcn,0.01,0.05,30,3,1,test,1.0,True,,174,True,,20260120_163002_182412,0.9584888587263884,"[[8301, 132], [235, 173]]",0.7318229091461809,0.485273492286115,305,8841,0.7698413277613041,0.5672131147540984,0.7041834076213196,0.42401960784313725,test,,174,1,0.005747126436781609,,0.0,0.005747126436781609,0,174,0,1,,,,,,,,,,,,MonTiOneTimeInjectionAttack (practical adaptation),,,0.9586019681031558,"[[8301, 132], [234, 174]]",0.7329124719194609,0.48739495798319327,306,8841,0.7706054653847478,0.5686274509803921,0.705408897817398,0.4264705882352941,test,0.7318229091461809,0.7329124719194609,0.485273492286115,0.48739495798319327,50,"[[203769, 42913], [203770, 42913], [203771, 42913], [203772, 42913], [203773, 42913], [203774, 42913], [203775, 42913], [203776, 42913], [203777, 42913], [203778, 42913], [203776, 203771], [203771, 203776], [203778, 203771], [203771, 203778], [203769, 203771], [203771, 203769], [203772, 203776], [203776, 203772], [203769, 203778], [203778, 203769], [203775, 203771], [203771, 203775], [203775, 203777], [203777, 203775], [203770, 203776], [203776, 203770], [203770, 203775], [203775, 203770], [203770, 203771], [203771, 203770], [203769, 203770], [203770, 203769], [203770, 203772], [203772, 203770], [203769, 203774], [203774, 203769], [203769, 203777], [203777, 203769], [203775, 203778], [203778, 203775], [203770, 203777], [203777, 203770], [203776, 203777], [203777, 203776], [203770, 203778], [203778, 203770], [203772, 203771], [203771, 203772], [203778, 203774], [203774, 203778]]","[203769, 203770, 203771, 203772, 203773, 203774, 203775, 203776, 203777, 203778]",10,174,0.004861721768975258,,,gcn,174,0.8168275077136274,0.8183222773278646,test,,attacks/gcn_monti_20260120_163002_182412
MonTiOneTimeInjectionAttack (practical adaptation),,,,,,,,,,,,,,,,,,,100,10,2,500,undirected,,0,mps,True,False,gcn,0.01,0.05,30,3,1,test,1.0,True,,174,True,,20260120_163039_086304,0.9584888587263884,"[[8301, 132], [235, 173]]",0.7318229091461809,0.485273492286115,305,8841,0.7698413277613041,0.5672131147540984,0.7041834076213196,0.42401960784313725,test,,174,1,0.005747126436781609,,0.0,0.005747126436781609,0,174,0,1,,,,,,,,,,,,MonTiOneTimeInjectionAttack (practical adaptation),,,0.9586019681031558,"[[8301, 132], [234, 174]]",0.7329124719194609,0.48739495798319327,306,8841,0.7706054653847478,0.5686274509803921,0.705408897817398,0.4264705882352941,test,0.7318229091461809,0.7329124719194609,0.485273492286115,0.48739495798319327,100,"[[203769, 42913], [203770, 42913], [203771, 42913], [203772, 42913], [203773, 42913], [203774, 42913], [203775, 42913], [203776, 42913], [203777, 42913], [203778, 42913], [203776, 203771], [203771, 203776], [203778, 203771], [203771, 203778], [203769, 203771], [203771, 203769], [203772, 203776], [203776, 203772], [203769, 203778], [203778, 203769], [203775, 203771], [203771, 203775], [203775, 203777], [203777, 203775], [203770, 203776], [203776, 203770], [203770, 203775], [203775, 203770], [203770, 203771], [203771, 203770], [203769, 203770], [203770, 203769], [203770, 203772], [203772, 203770], [203769, 203774], [203774, 203769], [203769, 203777], [203777, 203769], [203775, 203778], [203778, 203775], [203770, 203777], [203777, 203770], [203776, 203777], [203777, 203776], [203770, 203778], [203778, 203770], [203772, 203771], [203771, 203772], [203778, 203774], [203774, 203778], [203775, 203776], [203776, 203775], [203776, 203778], [203778, 203776], [203769, 203775], [203775, 203769], [203773, 203774], [203774, 203773], [203771, 203774], [203774, 203771], [203777, 203771], [203771, 203777], [203769, 203776], [203776, 203769], [203777, 203778], [203778, 203777], [203776, 203774], [203774, 203776], [203772, 203777], [203777, 203772], [203770, 203773], [203773, 203770], [203770, 203774], [203774, 203770], [203775, 203773], [203773, 203775], [203772, 203773], [203773, 203772], [203772, 203778], [203778, 203772], [203775, 203774], [203774, 203775], [203771, 203773], [203773, 203771], [203777, 203774], [203774, 203777], [203769, 203772], [203772, 203769], [203772, 203775], [203775, 203772], [203777, 203773], [203773, 203777], [203776, 203773], [203773, 203776], [203772, 203774], [203774, 203772], [203778, 203773], [203773, 203778], [203769, 203773], [203773, 203769]]","[203769, 203770, 203771, 203772, 203773, 203774, 203775, 203776, 203777, 203778]",10,174,0.004773282911628485,,,gcn,174,0.8176674618620128,0.8183222773278646,test,,attacks/gcn_monti_20260120_163039_086304
NettackLocal,False,,True,,,True,,,,,2,,50,0,,,,False,,,,,,,,mps,,,gcn,,,,,,test,0.2,True,,35,True,,20260120_163854_471506,,,,,,,,,,,,0.9714285714285714,,,,,,,,,,,,,,,,,,,,,,NettackLocal,,35,,,,,,,,,,,,,,,,,,,,,,35,0.8743992852851925,gcn,35,,,test,34,attacks/gcn_nettack_20260120_163854_471506
NettackLocal,False,,True,,,True,,,,,2,,200,0,,,,False,,,,,,,,mps,,,gcn,,,,,,test,0.2,True,,35,True,,20260120_171054_429797,,,,,,,,,,,,1.0,,,,,,,,,,,,,,,,,,,,,,NettackLocal,,35,,,,,,,,,,,,,,,,,,,,,,35,0.8840310275406205,gcn,35,,,test,35,attacks/gcn_nettack_20260120_171054_429797
NettackLocal,False,,True,,,True,,,,,5,,50,0,,,,False,,,,,,,,mps,,,gcn,,,,,,test,0.2,True,,35,True,,20260120_171928_850031,,,,,,,,,,,,1.0,,,,,,,,,,,,,,,,,,,,,,NettackLocal,,35,,,,,,,,,,,,,,,,,,,,,,35,0.8839255073694262,gcn,35,,,test,35,attacks/gcn_nettack_20260120_171928_850031
NettackLocal,False,,True,,,True,,,,,5,,200,0,,,,False,,,,,,,,mps,,,gcn,,,,,,test,0.2,True,,35,True,,20260120_175151_664049,,,,,,,,,,,,1.0,,,,,,,,,,,,,,,,,,,,,,NettackLocal,,35,,,,,,,,,,,,,,,,,,,,,,35,0.8840310249861356,gcn,35,,,test,35,attacks/gcn_nettack_20260120_175151_664049
NodeInjectionEvasion,,0.01,,,round_robin,True,1,0.03,mean,1,,True,,0,30,0,False,,,,,,,,,mps,,,gcn,,,,,,test,1.0,True,,174,True,,20260120_161631_280438,0.9586019681031558,"[[8301, 132], [234, 174]]",0.7329124719194609,0.48739495798319327,306,8841,0.7706054653847478,0.5686274509803921,0.705408897817398,0.4264705882352941,test,,174,0,0.0,,0.0,0.0,0,174,0,0,8475,0,0.0,,,,,,,,,NodeInjectionEvasion,,,0.9586019681031558,"[[8301, 132], [234, 174]]",0.7329124719194609,0.48739495798319327,306,8841,0.7706054653847478,0.5686274509803921,0.705408897817398,0.4264705882352941,test,0.7329124719194609,0.7329124719194609,0.48739495798319327,0.48739495798319327,1,"[[203769, 46833]]",[203769],1,174,-0.0005447309813462198,,,gcn,174,0.8183257650267506,0.8183222773278646,test,,attacks/gcn_node_injection_20260120_161631_280438
NodeInjectionEvasion,,0.01,,,round_robin,True,1,0.05,mean,1,,True,,0,30,0,False,,,,,,,,,mps,,,gcn,,,,,,test,1.0,True,,174,True,,20260120_161642_773244,0.9584888587263884,"[[8301, 132], [235, 173]]",0.7318229091461809,0.485273492286115,305,8841,0.7698413277613041,0.5672131147540984,0.7041834076213196,0.42401960784313725,test,,174,1,0.005747126436781609,,0.0,0.005747126436781609,0,174,0,1,8475,1,0.00011799410029498526,,,,,,,,,NodeInjectionEvasion,,,0.9586019681031558,"[[8301, 132], [234, 174]]",0.7329124719194609,0.48739495798319327,306,8841,0.7706054653847478,0.5686274509803921,0.705408897817398,0.4264705882352941,test,0.7318229091461809,0.7329124719194609,0.485273492286115,0.48739495798319327,1,"[[203769, 46833]]",[203769],1,174,0.004351870622485876,,,gcn,174,0.8181182469430319,0.8183222773278646,test,,attacks/gcn_node_injection_20260120_161642_773244
NodeInjectionEvasion,,0.01,,,round_robin,True,5,0.03,mean,1,,True,,0,30,0,False,,,,,,,,,mps,,,gcn,,,,,,test,1.0,True,,174,True,,20260120_161654_476617,0.9586019681031558,"[[8301, 132], [234, 174]]",0.7329124719194609,0.48739495798319327,306,8841,0.7706054653847478,0.5686274509803921,0.705408897817398,0.4264705882352941,test,,174,0,0.0,,0.0,0.0,0,174,0,0,8475,0,0.0,,,,,,,,,NodeInjectionEvasion,,,0.9586019681031558,"[[8301, 132], [234, 174]]",0.7329124719194609,0.48739495798319327,306,8841,0.7706054653847478,0.5686274509803921,0.705408897817398,0.4264705882352941,test,0.7329124719194609,0.7329124719194609,0.48739495798319327,0.48739495798319327,5,"[[203769, 46833], [203769, 46852], [203769, 45782], [203769, 45761], [203769, 43742]]",[203769],1,174,-0.002907531103119254,,,gcn,174,0.8183586075245941,0.8183222773278646,test,,attacks/gcn_node_injection_20260120_161654_476617
NodeInjectionEvasion,,0.01,,,round_robin,True,5,0.05,mean,1,,True,,0,30,0,False,,,,,,,,,mps,,,gcn,,,,,,test,1.0,True,,174,True,,20260120_161706_018043,0.9581495305960864,"[[8301, 132], [238, 170]]",0.7285363133313195,0.4788732394366197,302,8841,0.7675208955559571,0.5629139072847682,0.7005069370330843,0.4166666666666667,test,,174,4,0.022988505747126436,,0.0,0.022988505747126436,0,174,0,4,8475,4,0.00047197640117994103,,,,,,,,,NodeInjectionEvasion,,,0.9586019681031558,"[[8301, 132], [234, 174]]",0.7329124719194609,0.48739495798319327,306,8841,0.7706054653847478,0.5686274509803921,0.705408897817398,0.4264705882352941,test,0.7285363133313195,0.7329124719194609,0.4788732394366197,0.48739495798319327,5,"[[203769, 46833], [203769, 46852], [203769, 45782], [203769, 45761], [203769, 43742]]",[203769],1,174,0.015300296247005463,,,gcn,174,0.8176741466182109,0.8183222773278646,test,,attacks/gcn_node_injection_20260120_161706_018043
NodeInjectionEvasion,,0.01,,,round_robin,True,10,0.03,mean,1,,True,,0,30,0,False,,,,,,,,,mps,,,gcn,,,,,,test,1.0,True,,174,True,,20260120_161717_559006,0.9586019681031558,"[[8301, 132], [234, 174]]",0.7329124719194609,0.48739495798319327,306,8841,0.7706054653847478,0.5686274509803921,0.705408897817398,0.4264705882352941,test,,174,0,0.0,,0.0,0.0,0,174,0,0,8475,0,0.0,,,,,,,,,NodeInjectionEvasion,,,0.9586019681031558,"[[8301, 132], [234, 174]]",0.7329124719194609,0.48739495798319327,306,8841,0.7706054653847478,0.5686274509803921,0.705408897817398,0.4264705882352941,test,0.7329124719194609,0.7329124719194609,0.48739495798319327,0.48739495798319327,10,"[[203769, 46833], [203769, 46852], [203769, 45782], [203769, 45761], [203769, 43742], [203769, 45166], [203769, 46819], [203769, 43713], [203769, 43758], [203769, 43763]]",[203769],1,174,-0.003521872917190194,,,gcn,174,0.8183629671482016,0.8183222773278646,test,,attacks/gcn_node_injection_20260120_161717_559006
NodeInjectionEvasion,,0.01,,,round_robin,True,10,0.05,mean,1,,True,,0,30,0,False,,,,,,,,,mps,,,gcn,,,,,,test,1.0,True,,174,True,,20260120_161729_061490,0.9579233118425518,"[[8301, 132], [240, 168]]",0.7263301999269072,0.4745762711864407,300,8841,0.7659501229364243,0.56,0.6980559566409275,0.4117647058823529,test,,174,6,0.034482758620689655,,0.0,0.034482758620689655,0,174,0,6,8475,6,0.0007079646017699115,,,,,,,,,NodeInjectionEvasion,,,0.9586019681031558,"[[8301, 132], [234, 174]]",0.7329124719194609,0.48739495798319327,306,8841,0.7706054653847478,0.5686274509803921,0.705408897817398,0.4264705882352941,test,0.7263301999269072,0.7329124719194609,0.4745762711864407,0.48739495798319327,10,"[[203769, 46833], [203769, 46852], [203769, 45782], [203769, 45761], [203769, 43742], [203769, 45166], [203769, 46819], [203769, 43713], [203769, 43758], [203769, 43763]]",[203769],1,174,0.028624342754483223,,,gcn,174,0.8172466128630984,0.8183222773278646,test,,attacks/gcn_node_injection_20260120_161729_061490
NodeInjectionEvasion,,0.01,,,round_robin,True,1,0.03,mean,3,,True,,0,30,0,False,,,,,,,,,mps,,,gcn,,,,,,test,1.0,True,,174,True,,20260120_161740_661618,0.9586019681031558,"[[8301, 132], [234, 174]]",0.7329124719194609,0.48739495798319327,306,8841,0.7706054653847478,0.5686274509803921,0.705408897817398,0.4264705882352941,test,,174,0,0.0,,0.0,0.0,0,174,0,0,8475,0,0.0,,,,,,,,,NodeInjectionEvasion,,,0.9586019681031558,"[[8301, 132], [234, 174]]",0.7329124719194609,0.48739495798319327,306,8841,0.7706054653847478,0.5686274509803921,0.705408897817398,0.4264705882352941,test,0.7329124719194609,0.7329124719194609,0.48739495798319327,0.48739495798319327,3,"[[203769, 46833], [203770, 46852], [203771, 45782]]","[203769, 203770, 203771]",3,174,-0.002839992055669427,,,gcn,174,0.8183577355998726,0.8183222773278646,test,,attacks/gcn_node_injection_20260120_161740_661618
NodeInjectionEvasion,,0.01,,,round_robin,True,1,0.05,mean,3,,True,,0,30,0,False,,,,,,,,,mps,,,gcn,,,,,,test,1.0,True,,174,True,,20260120_161752_256064,0.9582626399728538,"[[8301, 132], [237, 171]]",0.7296348424602207,0.4810126582278481,303,8841,0.7682990892202362,0.5643564356435643,0.7017324272291627,0.41911764705882354,test,,174,3,0.017241379310344827,,0.0,0.017241379310344827,0,174,0,3,8475,3,0.00035398230088495576,,,,,,,,,NodeInjectionEvasion,,,0.9586019681031558,"[[8301, 132], [234, 174]]",0.7329124719194609,0.48739495798319327,306,8841,0.7706054653847478,0.5686274509803921,0.705408897817398,0.4264705882352941,test,0.7296348424602207,0.7329124719194609,0.4810126582278481,0.48739495798319327,3,"[[203769, 46833], [203770, 46852], [203771, 45782]]","[203769, 203770, 203771]",3,174,0.011504307389259338,,,gcn,174,0.8176532204248946,0.8183222773278646,test,,attacks/gcn_node_injection_20260120_161752_256064
NodeInjectionEvasion,,0.01,,,round_robin,True,5,0.03,mean,3,,True,,0,30,0,False,,,,,,,,,mps,,,gcn,,,,,,test,1.0,True,,174,True,,20260120_161804_098995,0.9586019681031558,"[[8301, 132], [234, 174]]",0.7329124719194609,0.48739495798319327,306,8841,0.7706054653847478,0.5686274509803921,0.705408897817398,0.4264705882352941,test,,174,0,0.0,,0.0,0.0,0,174,0,0,8475,0,0.0,,,,,,,,,NodeInjectionEvasion,,,0.9586019681031558,"[[8301, 132], [234, 174]]",0.7329124719194609,0.48739495798319327,306,8841,0.7706054653847478,0.5686274509803921,0.705408897817398,0.4264705882352941,test,0.7329124719194609,0.7329124719194609,0.48739495798319327,0.48739495798319327,15,"[[203769, 46833], [203769, 46852], [203769, 45782], [203769, 45761], [203769, 43742], [203770, 45166], [203770, 46819], [203770, 43713], [203770, 43758], [203770, 43763], [203771, 46892], [203771, 79814], [203771, 42928], [203771, 45793], [203771, 43736]]","[203769, 203770, 203771]",3,174,-0.004509036894887686,,,gcn,174,0.8183713957538428,0.8183222773278646,test,,attacks/gcn_node_injection_20260120_161804_098995
NodeInjectionEvasion,,0.01,,,round_robin,True,5,0.05,mean,3,,True,,0,30,0,False,,,,,,,,,mps,,,gcn,,,,,,test,1.0,True,,174,True,,20260120_161815_658597,0.9575839837122497,"[[8301, 132], [243, 165]]",0.7229981990653187,0.46808510638297873,297,8841,0.7635572721598003,0.5555555555555556,0.6943794860526922,0.40441176470588236,test,,174,9,0.05172413793103448,,0.0,0.05172413793103448,0,174,0,9,8475,9,0.0010619469026548673,,,,,,,,,NodeInjectionEvasion,,,0.9586019681031558,"[[8301, 132], [234, 174]]",0.7329124719194609,0.48739495798319327,306,8841,0.7706054653847478,0.5686274509803921,0.705408897817398,0.4264705882352941,test,0.7229981990653187,0.7329124719194609,0.46808510638297873,0.48739495798319327,15,"[[203769, 46833], [203769, 46852], [203769, 45782], [203769, 45761], [203769, 43742], [203770, 45166], [203770, 46819], [203770, 43713], [203770, 43758], [203770, 43763], [203771, 46892], [203771, 79814], [203771, 42928], [203771, 45793], [203771, 43736]]","[203769, 203770, 203771]",3,174,0.04442670941352844,,,gcn,174,0.8167278176538018,0.8183222773278646,test,,attacks/gcn_node_injection_20260120_161815_658597
NodeInjectionEvasion,,0.01,,,round_robin,True,10,0.03,mean,3,,True,,0,30,0,False,,,,,,,,,mps,,,gcn,,,,,,test,1.0,True,,174,True,,20260120_161827_277906,0.9586019681031558,"[[8301, 132], [234, 174]]",0.7329124719194609,0.48739495798319327,306,8841,0.7706054653847478,0.5686274509803921,0.705408897817398,0.4264705882352941,test,,174,0,0.0,,0.0,0.0,0,174,0,0,8475,0,0.0,,,,,,,,,NodeInjectionEvasion,,,0.9586019681031558,"[[8301, 132], [234, 174]]",0.7329124719194609,0.48739495798319327,306,8841,0.7706054653847478,0.5686274509803921,0.705408897817398,0.4264705882352941,test,0.7329124719194609,0.7329124719194609,0.48739495798319327,0.48739495798319327,30,"[[203769, 46833], [203769, 46852], [203769, 45782], [203769, 45761], [203769, 43742], [203769, 45166], [203769, 46819], [203769, 43713], [203769, 43758], [203769, 43763], [203770, 46892], [203770, 79814], [203770, 42928], [203770, 45793], [203770, 43736], [203770, 43004], [203770, 79766], [203770, 43764], [203770, 43741], [203770, 43865], [203771, 45190], [203771, 48266], [203771, 40353], [203771, 46831], [203771, 45161], [203771, 43733], [203771, 42913], [203771, 46826], [203771, 43750], [203771, 7304]]","[203769, 203770, 203771]",3,174,-0.01679546758532524,,,gcn,174,0.8185132288418746,0.8183222773278646,test,,attacks/gcn_node_injection_20260120_161827_277906
NodeInjectionEvasion,,0.01,,,round_robin,True,10,0.05,mean,3,,True,,0,30,0,False,,,,,,,,,mps,,,gcn,,,,,,test,1.0,True,,174,True,,20260120_161838_893389,0.9563397805678091,"[[8301, 132], [254, 154]]",0.7105410566129405,0.4438040345821326,286,8841,0.7543856494177943,0.5384615384615384,0.6808990938958295,0.37745098039215685,test,,174,20,0.11494252873563218,,0.0,0.11494252873563218,0,174,0,20,8475,20,0.002359882005899705,,,,,,,,,NodeInjectionEvasion,,,0.9586019681031558,"[[8301, 132], [234, 174]]",0.7329124719194609,0.48739495798319327,306,8841,0.7706054653847478,0.5686274509803921,0.705408897817398,0.4264705882352941,test,0.7105410566129405,0.7329124719194609,0.4438040345821326,0.48739495798319327,30,"[[203769, 46833], [203769, 46852], [203769, 45782], [203769, 45761], [203769, 43742], [203769, 45166], [203769, 46819], [203769, 43713], [203769, 43758], [203769, 43763], [203770, 46892], [203770, 79814], [203770, 42928], [203770, 45793], [203770, 43736], [203770, 43004], [203770, 79766], [203770, 43764], [203770, 43741], [203770, 43865], [203771, 45190], [203771, 48266], [203771, 40353], [203771, 46831], [203771, 45161], [203771, 43733], [203771, 42913], [203771, 46826], [203771, 43750], [203771, 7304]]","[203769, 203770, 203771]",3,174,0.09055540710687637,,,gcn,174,0.8142195808715994,0.8183222773278646,test,,attacks/gcn_node_injection_20260120_161838_893389
NodeInjectionEvasion,,0.01,,,round_robin,True,1,0.03,mean,5,,True,,0,30,0,False,,,,,,,,,mps,,,gcn,,,,,,test,1.0,True,,174,True,,20260120_161850_511615,0.9586019681031558,"[[8301, 132], [234, 174]]",0.7329124719194609,0.48739495798319327,306,8841,0.7706054653847478,0.5686274509803921,0.705408897817398,0.4264705882352941,test,,174,0,0.0,,0.0,0.0,0,174,0,0,8475,0,0.0,,,,,,,,,NodeInjectionEvasion,,,0.9586019681031558,"[[8301, 132], [234, 174]]",0.7329124719194609,0.48739495798319327,306,8841,0.7706054653847478,0.5686274509803921,0.705408897817398,0.4264705882352941,test,0.7329124719194609,0.7329124719194609,0.48739495798319327,0.48739495798319327,5,"[[203769, 46833], [203770, 46852], [203771, 45782], [203772, 45761], [203773, 43742]]","[203769, 203770, 203771, 203772, 203773]",5,174,-0.0028985985554754734,,,gcn,174,0.8183586075245941,0.8183222773278646,test,,attacks/gcn_node_injection_20260120_161850_511615
NodeInjectionEvasion,,0.01,,,round_robin,True,1,0.05,mean,5,,True,,0,30,0,False,,,,,,,,,mps,,,gcn,,,,,,test,1.0,True,,174,True,,20260120_161902_108586,0.9581495305960864,"[[8301, 132], [238, 170]]",0.7285363133313195,0.4788732394366197,302,8841,0.7675208955559571,0.5629139072847682,0.7005069370330843,0.4166666666666667,test,,174,4,0.022988505747126436,,0.0,0.022988505747126436,0,174,0,4,8475,4,0.00047197640117994103,,,,,,,,,NodeInjectionEvasion,,,0.9586019681031558,"[[8301, 132], [234, 174]]",0.7329124719194609,0.48739495798319327,306,8841,0.7706054653847478,0.5686274509803921,0.705408897817398,0.4264705882352941,test,0.7285363133313195,0.7329124719194609,0.4788732394366197,0.48739495798319327,5,"[[203769, 46833], [203770, 46852], [203771, 45782], [203772, 45761], [203773, 43742]]","[203769, 203770, 203771, 203772, 203773]",5,174,0.015536509454250336,,,gcn,174,0.8176020675078995,0.8183222773278646,test,,attacks/gcn_node_injection_20260120_161902_108586
NodeInjectionEvasion,,0.01,,,round_robin,True,5,0.03,mean,5,,True,,0,30,0,False,,,,,,,,,mps,,,gcn,,,,,,test,1.0,True,,174,True,,20260120_161913_730651,0.9586019681031558,"[[8301, 132], [234, 174]]",0.7329124719194609,0.48739495798319327,306,8841,0.7706054653847478,0.5686274509803921,0.705408897817398,0.4264705882352941,test,,174,0,0.0,,0.0,0.0,0,174,0,0,8475,0,0.0,,,,,,,,,NodeInjectionEvasion,,,0.9586019681031558,"[[8301, 132], [234, 174]]",0.7329124719194609,0.48739495798319327,306,8841,0.7706054653847478,0.5686274509803921,0.705408897817398,0.4264705882352941,test,0.7329124719194609,0.7329124719194609,0.48739495798319327,0.48739495798319327,25,"[[203769, 46833], [203769, 46852], [203769, 45782], [203769, 45761], [203769, 43742], [203770, 45166], [203770, 46819], [203770, 43713], [203770, 43758], [203770, 43763], [203771, 46892], [203771, 79814], [203771, 42928], [203771, 45793], [203771, 43736], [203772, 43004], [203772, 79766], [203772, 43764], [203772, 43741], [203772, 43865], [203773, 45190], [203773, 48266], [203773, 40353], [203773, 46831], [203773, 45161]]","[203769, 203770, 203771, 203772, 203773]",5,174,-0.011446122080087662,,,gcn,174,0.8184548098855337,0.8183222773278646,test,,attacks/gcn_node_injection_20260120_161913_730651
NodeInjectionEvasion,,0.01,,,round_robin,True,5,0.05,mean,5,,True,,0,30,0,False,,,,,,,,,mps,,,gcn,,,,,,test,1.0,True,,174,True,,20260120_161925_401066,0.9567922180748784,"[[8301, 132], [250, 158]]",0.7151151530447668,0.45272206303724927,290,8841,0.7577956197903855,0.5448275862068965,0.6858010546801432,0.3872549019607843,test,,174,16,0.09195402298850575,,0.0,0.09195402298850575,0,174,0,16,8475,16,0.0018879056047197641,,,,,,,,,NodeInjectionEvasion,,,0.9586019681031558,"[[8301, 132], [234, 174]]",0.7329124719194609,0.48739495798319327,306,8841,0.7706054653847478,0.5686274509803921,0.705408897817398,0.4264705882352941,test,0.7151151530447668,0.7329124719194609,0.45272206303724927,0.48739495798319327,25,"[[203769, 46833], [203769, 46852], [203769, 45782], [203769, 45761], [203769, 43742], [203770, 45166], [203770, 46819], [203770, 43713], [203770, 43758], [203770, 43763], [203771, 46892], [203771, 79814], [203771, 42928], [203771, 45793], [203771, 43736], [203772, 43004], [203772, 79766], [203772, 43764], [203772, 43741], [203772, 43865], [203773, 45190], [203773, 48266], [203773, 40353], [203773, 46831], [203773, 45161]]","[203769, 203770, 203771, 203772, 203773]",5,174,0.0743870735168457,,,gcn,174,0.8149395000499904,0.8183222773278646,test,,attacks/gcn_node_injection_20260120_161925_401066
NodeInjectionEvasion,,0.01,,,round_robin,True,10,0.03,mean,5,,True,,0,30,0,False,,,,,,,,,mps,,,gcn,,,,,,test,1.0,True,,174,True,,20260120_161937_518985,0.9586019681031558,"[[8301, 132], [234, 174]]",0.7329124719194609,0.48739495798319327,306,8841,0.7706054653847478,0.5686274509803921,0.705408897817398,0.4264705882352941,test,,174,0,0.0,,0.0,0.0,0,174,0,0,8475,0,0.0,,,,,,,,,NodeInjectionEvasion,,,0.9586019681031558,"[[8301, 132], [234, 174]]",0.7329124719194609,0.48739495798319327,306,8841,0.7706054653847478,0.5686274509803921,0.705408897817398,0.4264705882352941,test,0.7329124719194609,0.7329124719194609,0.48739495798319327,0.48739495798319327,50,"[[203769, 46833], [203769, 46852], [203769, 45782], [203769, 45761], [203769, 43742], [203769, 45166], [203769, 46819], [203769, 43713], [203769, 43758], [203769, 43763], [203770, 46892], [203770, 79814], [203770, 42928], [203770, 45793], [203770, 43736], [203770, 43004], [203770, 79766], [203770, 43764], [203770, 43741], [203770, 43865], [203771, 45190], [203771, 48266], [203771, 40353], [203771, 46831], [203771, 45161], [203771, 43733], [203771, 42913], [203771, 46826], [203771, 43750], [203771, 7304], [203772, 45179], [203772, 44931], [203772, 45788], [203772, 45157], [203772, 43355], [203772, 25461], [203772, 47531], [203772, 45762], [203772, 100347], [203772, 97150], [203773, 43719], [203773, 43711], [203773, 45182], [203773, 46842], [203773, 43740], [203773, 43723], [203773, 43752], [203773, 45775], [203773, 44210], [203773, 45156]]","[203769, 203770, 203771, 203772, 203773]",5,174,-0.02104068547487259,,,gcn,174,0.8185591502105407,0.8183222773278646,test,,attacks/gcn_node_injection_20260120_161937_518985
NodeInjectionEvasion,,0.01,,,round_robin,True,10,0.05,mean,5,,True,,0,30,0,False,,,,,,,,,mps,,,gcn,,,,,,test,1.0,True,,174,True,,20260120_161949_462946,0.9554349055536704,"[[8301, 132], [262, 146]]",0.701237025758762,0.42565597667638483,278,8841,0.747291551320429,0.5251798561151079,0.671095172327202,0.35784313725490197,test,,174,28,0.16091954022988506,,0.0,0.16091954022988506,0,174,0,28,8475,28,0.003303834808259587,,,,,,,,,NodeInjectionEvasion,,,0.9586019681031558,"[[8301, 132], [234, 174]]",0.7329124719194609,0.48739495798319327,306,8841,0.7706054653847478,0.5686274509803921,0.705408897817398,0.4264705882352941,test,0.701237025758762,0.7329124719194609,0.42565597667638483,0.48739495798319327,50,"[[203769, 46833], [203769, 46852], [203769, 45782], [203769, 45761], [203769, 43742], [203769, 45166], [203769, 46819], [203769, 43713], [203769, 43758], [203769, 43763], [203770, 46892], [203770, 79814], [203770, 42928], [203770, 45793], [203770, 43736], [203770, 43004], [203770, 79766], [203770, 43764], [203770, 43741], [203770, 43865], [203771, 45190], [203771, 48266], [203771, 40353], [203771, 46831], [203771, 45161], [203771, 43733], [203771, 42913], [203771, 46826], [203771, 43750], [203771, 7304], [203772, 45179], [203772, 44931], [203772, 45788], [203772, 45157], [203772, 43355], [203772, 25461], [203772, 47531], [203772, 45762], [203772, 100347], [203772, 97150], [203773, 43719], [203773, 43711], [203773, 45182], [203773, 46842], [203773, 43740], [203773, 43723], [203773, 43752], [203773, 45775], [203773, 44210], [203773, 45156]]","[203769, 203770, 203771, 203772, 203773]",5,174,0.1419132649898529,,,gcn,174,0.8127207422753283,0.8183222773278646,test,,attacks/gcn_node_injection_20260120_161949_462946
NodeInjectionEvasion,,0.01,,,round_robin,True,1,0.03,mean,1,,True,,1,30,0,False,,,,,,,,,mps,,,gcn,,,,,,test,1.0,True,,174,True,,20260120_162001_591790,0.9586019681031558,"[[8301, 132], [234, 174]]",0.7329124719194609,0.48739495798319327,306,8841,0.7706054653847478,0.5686274509803921,0.705408897817398,0.4264705882352941,test,,174,0,0.0,,0.0,0.0,0,174,0,0,8475,0,0.0,,,,,,,,,NodeInjectionEvasion,,,0.9586019681031558,"[[8301, 132], [234, 174]]",0.7329124719194609,0.48739495798319327,306,8841,0.7706054653847478,0.5686274509803921,0.705408897817398,0.4264705882352941,test,0.7329124719194609,0.7329124719194609,0.48739495798319327,0.48739495798319327,1,"[[203769, 43733]]",[203769],1,174,-3.9286998799070716e-05,,,gcn,174,0.8183225679694384,0.8183222773278646,test,,attacks/gcn_node_injection_20260120_162001_591790
NodeInjectionEvasion,,0.01,,,round_robin,True,1,0.05,mean,1,,True,,1,30,0,False,,,,,,,,,mps,,,gcn,,,,,,test,1.0,True,,174,True,,20260120_162013_182188,0.9584888587263884,"[[8301, 132], [235, 173]]",0.7318229091461809,0.485273492286115,305,8841,0.7698413277613041,0.5672131147540984,0.7041834076213196,0.42401960784313725,test,,174,1,0.005747126436781609,,0.0,0.005747126436781609,0,174,0,1,8475,1,0.00011799410029498526,,,,,,,,,NodeInjectionEvasion,,,0.9586019681031558,"[[8301, 132], [234, 174]]",0.7329124719194609,0.48739495798319327,306,8841,0.7706054653847478,0.5686274509803921,0.705408897817398,0.4264705882352941,test,0.7318229091461809,0.7329124719194609,0.485273492286115,0.48739495798319327,1,"[[203769, 43733]]",[203769],1,174,0.0039627766236662865,,,gcn,174,0.8182440947445029,0.8183222773278646,test,,attacks/gcn_node_injection_20260120_162013_182188
NodeInjectionEvasion,,0.01,,,round_robin,True,5,0.03,mean,1,,True,,1,30,0,False,,,,,,,,,mps,,,gcn,,,,,,test,1.0,True,,174,True,,20260120_162024_920785,0.9586019681031558,"[[8301, 132], [234, 174]]",0.7329124719194609,0.48739495798319327,306,8841,0.7706054653847478,0.5686274509803921,0.705408897817398,0.4264705882352941,test,,174,0,0.0,,0.0,0.0,0,174,0,0,8475,0,0.0,,,,,,,,,NodeInjectionEvasion,,,0.9586019681031558,"[[8301, 132], [234, 174]]",0.7329124719194609,0.48739495798319327,306,8841,0.7706054653847478,0.5686274509803921,0.705408897817398,0.4264705882352941,test,0.7329124719194609,0.7329124719194609,0.48739495798319327,0.48739495798319327,5,"[[203769, 43733], [203769, 44227], [203769, 45182], [203769, 45771], [203769, 45793]]",[203769],1,174,-0.002427774015814066,,,gcn,174,0.8183519227683959,0.8183222773278646,test,,attacks/gcn_node_injection_20260120_162024_920785
NodeInjectionEvasion,,0.01,,,round_robin,True,5,0.05,mean,1,,True,,1,30,0,False,,,,,,,,,mps,,,gcn,,,,,,test,1.0,True,,174,True,,20260120_162036_520626,0.9581495305960864,"[[8301, 132], [238, 170]]",0.7285363133313195,0.4788732394366197,302,8841,0.7675208955559571,0.5629139072847682,0.7005069370330843,0.4166666666666667,test,,174,4,0.022988505747126436,,0.0,0.022988505747126436,0,174,0,4,8475,4,0.00047197640117994103,,,,,,,,,NodeInjectionEvasion,,,0.9586019681031558,"[[8301, 132], [234, 174]]",0.7329124719194609,0.48739495798319327,306,8841,0.7706054653847478,0.5686274509803921,0.705408897817398,0.4264705882352941,test,0.7285363133313195,0.7329124719194609,0.4788732394366197,0.48739495798319327,5,"[[203769, 43733], [203769, 44227], [203769, 45182], [203769, 45771], [203769, 45793]]",[203769],1,174,0.015835564583539963,,,gcn,174,0.8178903839491447,0.8183222773278646,test,,attacks/gcn_node_injection_20260120_162036_520626
NodeInjectionEvasion,,0.01,,,round_robin,True,10,0.03,mean,1,,True,,1,30,0,False,,,,,,,,,mps,,,gcn,,,,,,test,1.0,True,,174,True,,20260120_162048_121038,0.9586019681031558,"[[8301, 132], [234, 174]]",0.7329124719194609,0.48739495798319327,306,8841,0.7706054653847478,0.5686274509803921,0.705408897817398,0.4264705882352941,test,,174,0,0.0,,0.0,0.0,0,174,0,0,8475,0,0.0,,,,,,,,,NodeInjectionEvasion,,,0.9586019681031558,"[[8301, 132], [234, 174]]",0.7329124719194609,0.48739495798319327,306,8841,0.7706054653847478,0.5686274509803921,0.705408897817398,0.4264705882352941,test,0.7329124719194609,0.7329124719194609,0.48739495798319327,0.48739495798319327,10,"[[203769, 43733], [203769, 44227], [203769, 45182], [203769, 45771], [203769, 45793], [203769, 45768], [203769, 43721], [203769, 45762], [203769, 45796], [203769, 46807]]",[203769],1,174,-0.004588869865983725,,,gcn,174,0.8183774992268934,0.8183222773278646,test,,attacks/gcn_node_injection_20260120_162048_121038
NodeInjectionEvasion,,0.01,,,round_robin,True,10,0.05,mean,1,,True,,1,30,0,False,,,,,,,,,mps,,,gcn,,,,,,test,1.0,True,,174,True,,20260120_162059_661771,0.9578102024657844,"[[8301, 132], [241, 167]]",0.7252225900056868,0.4724186704384724,299,8841,0.7651574474816155,0.5585284280936454,0.696830466444849,0.40931372549019607,test,,174,7,0.040229885057471264,,0.0,0.040229885057471264,0,174,0,7,8475,7,0.0008259587020648968,,,,,,,,,NodeInjectionEvasion,,,0.9586019681031558,"[[8301, 132], [234, 174]]",0.7329124719194609,0.48739495798319327,306,8841,0.7706054653847478,0.5686274509803921,0.705408897817398,0.4264705882352941,test,0.7252225900056868,0.7329124719194609,0.4724186704384724,0.48739495798319327,10,"[[203769, 43733], [203769, 44227], [203769, 45182], [203769, 45771], [203769, 45793], [203769, 45768], [203769, 43721], [203769, 45762], [203769, 45796], [203769, 46807]]",[203769],1,174,0.02975018322467804,,,gcn,174,0.8172486473541153,0.8183222773278646,test,,attacks/gcn_node_injection_20260120_162059_661771
NodeInjectionEvasion,,0.01,,,round_robin,True,1,0.03,mean,3,,True,,1,30,0,False,,,,,,,,,mps,,,gcn,,,,,,test,1.0,True,,174,True,,20260120_162111_283801,0.9586019681031558,"[[8301, 132], [234, 174]]",0.7329124719194609,0.48739495798319327,306,8841,0.7706054653847478,0.5686274509803921,0.705408897817398,0.4264705882352941,test,,174,0,0.0,,0.0,0.0,0,174,0,0,8475,0,0.0,,,,,,,,,NodeInjectionEvasion,,,0.9586019681031558,"[[8301, 132], [234, 174]]",0.7329124719194609,0.48739495798319327,306,8841,0.7706054653847478,0.5686274509803921,0.705408897817398,0.4264705882352941,test,0.7329124719194609,0.7329124719194609,0.48739495798319327,0.48739495798319327,3,"[[203769, 43733], [203770, 44227], [203771, 45182]]","[203769, 203770, 203771]",3,174,-0.002360379556193948,,,gcn,174,0.8183510508436743,0.8183222773278646,test,,attacks/gcn_node_injection_20260120_162111_283801
NodeInjectionEvasion,,0.01,,,round_robin,True,1,0.05,mean,3,,True,,1,30,0,False,,,,,,,,,mps,,,gcn,,,,,,test,1.0,True,,174,True,,20260120_162122_989545,0.9582626399728538,"[[8301, 132], [237, 171]]",0.7296348424602207,0.4810126582278481,303,8841,0.7682990892202362,0.5643564356435643,0.7017324272291627,0.41911764705882354,test,,174,3,0.017241379310344827,,0.0,0.017241379310344827,0,174,0,3,8475,3,0.00035398230088495576,,,,,,,,,NodeInjectionEvasion,,,0.9586019681031558,"[[8301, 132], [234, 174]]",0.7329124719194609,0.48739495798319327,306,8841,0.7706054653847478,0.5686274509803921,0.705408897817398,0.4264705882352941,test,0.7296348424602207,0.7329124719194609,0.4810126582278481,0.48739495798319327,3,"[[203769, 43733], [203770, 44227], [203771, 45182]]","[203769, 203770, 203771]",3,174,0.00977522786706686,,,gcn,174,0.8179781577044432,0.8183222773278646,test,,attacks/gcn_node_injection_20260120_162122_989545
NodeInjectionEvasion,,0.01,,,round_robin,True,5,0.03,mean,3,,True,,1,30,0,False,,,,,,,,,mps,,,gcn,,,,,,test,1.0,True,,174,True,,20260120_162134_962012,0.9586019681031558,"[[8301, 132], [234, 174]]",0.7329124719194609,0.48739495798319327,306,8841,0.7706054653847478,0.5686274509803921,0.705408897817398,0.4264705882352941,test,,174,0,0.0,,0.0,0.0,0,174,0,0,8475,0,0.0,,,,,,,,,NodeInjectionEvasion,,,0.9586019681031558,"[[8301, 132], [234, 174]]",0.7329124719194609,0.48739495798319327,306,8841,0.7706054653847478,0.5686274509803921,0.705408897817398,0.4264705882352941,test,0.7329124719194609,0.7329124719194609,0.48739495798319327,0.48739495798319327,15,"[[203769, 43733], [203769, 44227], [203769, 45182], [203769, 45771], [203769, 45793], [203770, 45768], [203770, 43721], [203770, 45762], [203770, 45796], [203770, 46807], [203771, 43749], [203771, 46853], [203771, 45155], [203771, 43737], [203771, 43355]]","[203769, 203770, 203771]",3,174,-0.006076193414628506,,,gcn,174,0.8183885436066991,0.8183222773278646,test,,attacks/gcn_node_injection_20260120_162134_962012
NodeInjectionEvasion,,0.01,,,round_robin,True,5,0.05,mean,3,,True,,1,30,0,False,,,,,,,,,mps,,,gcn,,,,,,test,1.0,True,,174,True,,20260120_162146_654374,0.957357764958715,"[[8301, 132], [245, 163]]",0.7207614929227696,0.46372688477951635,295,8841,0.7619369950060886,0.5525423728813559,0.6919285056605353,0.39950980392156865,test,,174,11,0.06321839080459771,,0.0,0.06321839080459771,0,174,0,11,8475,11,0.0012979351032448377,,,,,,,,,NodeInjectionEvasion,,,0.9586019681031558,"[[8301, 132], [234, 174]]",0.7329124719194609,0.48739495798319327,306,8841,0.7706054653847478,0.5686274509803921,0.705408897817398,0.4264705882352941,test,0.7207614929227696,0.7329124719194609,0.46372688477951635,0.48739495798319327,15,"[[203769, 43733], [203769, 44227], [203769, 45182], [203769, 45771], [203769, 45793], [203770, 45768], [203770, 43721], [203770, 45762], [203770, 45796], [203770, 46807], [203771, 43749], [203771, 46853], [203771, 45155], [203771, 43737], [203771, 43355]]","[203769, 203770, 203771]",3,174,0.04557676240801811,,,gcn,174,0.8168603502114707,0.8183222773278646,test,,attacks/gcn_node_injection_20260120_162146_654374
NodeInjectionEvasion,,0.01,,,round_robin,True,10,0.03,mean,3,,True,,1,30,0,False,,,,,,,,,mps,,,gcn,,,,,,test,1.0,True,,174,True,,20260120_162158_362998,0.9586019681031558,"[[8301, 132], [234, 174]]",0.7329124719194609,0.48739495798319327,306,8841,0.7706054653847478,0.5686274509803921,0.705408897817398,0.4264705882352941,test,,174,0,0.0,,0.0,0.0,0,174,0,0,8475,0,0.0,,,,,,,,,NodeInjectionEvasion,,,0.9586019681031558,"[[8301, 132], [234, 174]]",0.7329124719194609,0.48739495798319327,306,8841,0.7706054653847478,0.5686274509803921,0.705408897817398,0.4264705882352941,test,0.7329124719194609,0.7329124719194609,0.48739495798319327,0.48739495798319327,30,"[[203769, 43733], [203769, 44227], [203769, 45182], [203769, 45771], [203769, 45793], [203769, 45768], [203769, 43721], [203769, 45762], [203769, 45796], [203769, 46807], [203770, 43749], [203770, 46853], [203770, 45155], [203770, 43737], [203770, 43355], [203770, 46817], [203770, 46900], [203770, 45179], [203770, 42925], [203770, 79766], [203771, 46809], [203771, 43763], [203771, 45157], [203771, 42939], [203771, 46823], [203771, 7306], [203771, 42938], [203771, 43760], [203771, 46876], [203771, 48276]]","[203769, 203770, 203771]",3,174,-0.018668342381715775,,,gcn,174,0.818657968345645,0.8183222773278646,test,,attacks/gcn_node_injection_20260120_162158_362998
NodeInjectionEvasion,,0.01,,,round_robin,True,10,0.05,mean,3,,True,,1,30,0,False,,,,,,,,,mps,,,gcn,,,,,,test,1.0,True,,174,True,,20260120_162210_297105,0.9558873430607397,"[[8301, 132], [258, 150]]",0.7059153156472611,0.43478260869565216,282,8841,0.7508855926199371,0.5319148936170213,0.6759971331115158,0.36764705882352944,test,,174,24,0.13793103448275862,,0.0,0.13793103448275862,0,174,0,24,8475,24,0.002831858407079646,,,,,,,,,NodeInjectionEvasion,,,0.9586019681031558,"[[8301, 132], [234, 174]]",0.7329124719194609,0.48739495798319327,306,8841,0.7706054653847478,0.5686274509803921,0.705408897817398,0.4264705882352941,test,0.7059153156472611,0.7329124719194609,0.43478260869565216,0.48739495798319327,30,"[[203769, 43733], [203769, 44227], [203769, 45182], [203769, 45771], [203769, 45793], [203769, 45768], [203769, 43721], [203769, 45762], [203769, 45796], [203769, 46807], [203770, 43749], [203770, 46853], [203770, 45155], [203770, 43737], [203770, 43355], [203770, 46817], [203770, 46900], [203770, 45179], [203770, 42925], [203770, 79766], [203771, 46809], [203771, 43763], [203771, 45157], [203771, 42939], [203771, 46823], [203771, 7306], [203771, 42938], [203771, 43760], [203771, 46876], [203771, 48276]]","[203769, 203770, 203771]",3,174,0.09491036087274551,,,gcn,174,0.8144683700588027,0.8183222773278646,test,,attacks/gcn_node_injection_20260120_162210_297105
NodeInjectionEvasion,,0.01,,,round_robin,True,1,0.03,mean,5,,True,,1,30,0,False,,,,,,,,,mps,,,gcn,,,,,,test,1.0,True,,174,True,,20260120_162221_900303,0.9586019681031558,"[[8301, 132], [234, 174]]",0.7329124719194609,0.48739495798319327,306,8841,0.7706054653847478,0.5686274509803921,0.705408897817398,0.4264705882352941,test,,174,0,0.0,,0.0,0.0,0,174,0,0,8475,0,0.0,,,,,,,,,NodeInjectionEvasion,,,0.9586019681031558,"[[8301, 132], [234, 174]]",0.7329124719194609,0.48739495798319327,306,8841,0.7706054653847478,0.5686274509803921,0.705408897817398,0.4264705882352941,test,0.7329124719194609,0.7329124719194609,0.48739495798319327,0.48739495798319327,5,"[[203769, 43733], [203770, 44227], [203771, 45182], [203772, 45771], [203773, 45793]]","[203769, 203770, 203771, 203772, 203773]",5,174,-0.0024267290718853474,,,gcn,174,0.8183519227683959,0.8183222773278646,test,,attacks/gcn_node_injection_20260120_162221_900303
NodeInjectionEvasion,,0.01,,,round_robin,True,1,0.05,mean,5,,True,,1,30,0,False,,,,,,,,,mps,,,gcn,,,,,,test,1.0,True,,174,True,,20260120_162233_797092,0.9581495305960864,"[[8301, 132], [238, 170]]",0.7285363133313195,0.4788732394366197,302,8841,0.7675208955559571,0.5629139072847682,0.7005069370330843,0.4166666666666667,test,,174,4,0.022988505747126436,,0.0,0.022988505747126436,0,174,0,4,8475,4,0.00047197640117994103,,,,,,,,,NodeInjectionEvasion,,,0.9586019681031558,"[[8301, 132], [234, 174]]",0.7329124719194609,0.48739495798319327,306,8841,0.7706054653847478,0.5686274509803921,0.705408897817398,0.4264705882352941,test,0.7285363133313195,0.7329124719194609,0.4788732394366197,0.48739495798319327,5,"[[203769, 43733], [203770, 44227], [203771, 45182], [203772, 45771], [203773, 45793]]","[203769, 203770, 203771, 203772, 203773]",5,174,0.01591009646654129,,,gcn,174,0.8178880588165539,0.8183222773278646,test,,attacks/gcn_node_injection_20260120_162233_797092
NodeInjectionEvasion,,0.01,,,round_robin,True,5,0.03,mean,5,,True,,1,30,0,False,,,,,,,,,mps,,,gcn,,,,,,test,1.0,True,,174,True,,20260120_162245_553368,0.9586019681031558,"[[8301, 132], [234, 174]]",0.7329124719194609,0.48739495798319327,306,8841,0.7706054653847478,0.5686274509803921,0.705408897817398,0.4264705882352941,test,,174,0,0.0,,0.0,0.0,0,174,0,0,8475,0,0.0,,,,,,,,,NodeInjectionEvasion,,,0.9586019681031558,"[[8301, 132], [234, 174]]",0.7329124719194609,0.48739495798319327,306,8841,0.7706054653847478,0.5686274509803921,0.705408897817398,0.4264705882352941,test,0.7329124719194609,0.7329124719194609,0.48739495798319327,0.48739495798319327,25,"[[203769, 43733], [203769, 44227], [203769, 45182], [203769, 45771], [203769, 45793], [203770, 45768], [203770, 43721], [203770, 45762], [203770, 45796], [203770, 46807], [203771, 43749], [203771, 46853], [203771, 45155], [203771, 43737], [203771, 43355], [203772, 46817], [203772, 46900], [203772, 45179], [203772, 42925], [203772, 79766], [203773, 46809], [203773, 43763], [203773, 45157], [203773, 42939], [203773, 46823]]","[203769, 203770, 203771, 203772, 203773]",5,174,-0.01644323579967022,,,gcn,174,0.8185114849924316,0.8183222773278646,test,,attacks/gcn_node_injection_20260120_162245_553368
NodeInjectionEvasion,,0.01,,,round_robin,True,5,0.05,mean,5,,True,,1,30,0,False,,,,,,,,,mps,,,gcn,,,,,,test,1.0,True,,174,True,,20260120_162257_285113,0.9564528899445764,"[[8301, 132], [253, 155]]",0.7116893875257126,0.4460431654676259,287,8841,0.7552464401192995,0.5400696864111498,0.6821245840919079,0.3799019607843137,test,,174,19,0.10919540229885058,,0.0,0.10919540229885058,0,174,0,19,8475,19,0.00224188790560472,,,,,,,,,NodeInjectionEvasion,,,0.9586019681031558,"[[8301, 132], [234, 174]]",0.7329124719194609,0.48739495798319327,306,8841,0.7706054653847478,0.5686274509803921,0.705408897817398,0.4264705882352941,test,0.7116893875257126,0.7329124719194609,0.4460431654676259,0.48739495798319327,25,"[[203769, 43733], [203769, 44227], [203769, 45182], [203769, 45771], [203769, 45793], [203770, 45768], [203770, 43721], [203770, 45762], [203770, 45796], [203770, 46807], [203771, 43749], [203771, 46853], [203771, 45155], [203771, 43737], [203771, 43355], [203772, 46817], [203772, 46900], [203772, 45179], [203772, 42925], [203772, 79766], [203773, 46809], [203773, 43763], [203773, 45157], [203773, 42939], [203773, 46823]]","[203769, 203770, 203771, 203772, 203773]",5,174,0.07543368637561798,,,gcn,174,0.8152077622226407,0.8183222773278646,test,,attacks/gcn_node_injection_20260120_162257_285113
NodeInjectionEvasion,,0.01,,,round_robin,True,10,0.03,mean,5,,True,,1,30,0,False,,,,,,,,,mps,,,gcn,,,,,,test,1.0,True,,174,True,,20260120_162309_501192,0.9586019681031558,"[[8301, 132], [234, 174]]",0.7329124719194609,0.48739495798319327,306,8841,0.7706054653847478,0.5686274509803921,0.705408897817398,0.4264705882352941,test,,174,0,0.0,,0.0,0.0,0,174,0,0,8475,0,0.0,,,,,,,,,NodeInjectionEvasion,,,0.9586019681031558,"[[8301, 132], [234, 174]]",0.7329124719194609,0.48739495798319327,306,8841,0.7706054653847478,0.5686274509803921,0.705408897817398,0.4264705882352941,test,0.7329124719194609,0.7329124719194609,0.48739495798319327,0.48739495798319327,50,"[[203769, 43733], [203769, 44227], [203769, 45182], [203769, 45771], [203769, 45793], [203769, 45768], [203769, 43721], [203769, 45762], [203769, 45796], [203769, 46807], [203770, 43749], [203770, 46853], [203770, 45155], [203770, 43737], [203770, 43355], [203770, 46817], [203770, 46900], [203770, 45179], [203770, 42925], [203770, 79766], [203771, 46809], [203771, 43763], [203771, 45157], [203771, 42939], [203771, 46823], [203771, 7306], [203771, 42938], [203771, 43760], [203771, 46876], [203771, 48276], [203772, 44210], [203772, 7304], [203772, 46831], [203772, 44931], [203772, 42920], [203772, 45767], [203772, 46826], [203772, 46956], [203772, 43718], [203772, 43716], [203773, 24934], [203773, 45196], [203773, 46813], [203773, 45173], [203773, 43728], [203773, 46852], [203773, 43755], [203773, 29740], [203773, 45782], [203773, 44929]]","[203769, 203770, 203771, 203772, 203773]",5,174,-0.02774154394865036,,,gcn,174,0.8187649244448164,0.8183222773278646,test,,attacks/gcn_node_injection_20260120_162309_501192
NodeInjectionEvasion,,0.01,,,round_robin,True,10,0.05,mean,5,,True,,1,30,0,False,,,,,,,,,mps,,,gcn,,,,,,test,1.0,True,,174,True,,20260120_162321_409477,0.9541907024092298,"[[8301, 132], [273, 135]]",0.6880931381195978,0.4,267,8841,0.7368887648312248,0.5056179775280899,0.6576147801703393,0.33088235294117646,test,,174,39,0.22413793103448276,,0.0,0.22413793103448276,0,174,0,39,8475,39,0.004601769911504424,,,,,,,,,NodeInjectionEvasion,,,0.9586019681031558,"[[8301, 132], [234, 174]]",0.7329124719194609,0.48739495798319327,306,8841,0.7706054653847478,0.5686274509803921,0.705408897817398,0.4264705882352941,test,0.6880931381195978,0.7329124719194609,0.4,0.48739495798319327,50,"[[203769, 43733], [203769, 44227], [203769, 45182], [203769, 45771], [203769, 45793], [203769, 45768], [203769, 43721], [203769, 45762], [203769, 45796], [203769, 46807], [203770, 43749], [203770, 46853], [203770, 45155], [203770, 43737], [203770, 43355], [203770, 46817], [203770, 46900], [203770, 45179], [203770, 42925], [203770, 79766], [203771, 46809], [203771, 43763], [203771, 45157], [203771, 42939], [203771, 46823], [203771, 7306], [203771, 42938], [203771, 43760], [203771, 46876], [203771, 48276], [203772, 44210], [203772, 7304], [203772, 46831], [203772, 44931], [203772, 42920], [203772, 45767], [203772, 46826], [203772, 46956], [203772, 43718], [203772, 43716], [203773, 24934], [203773, 45196], [203773, 46813], [203773, 45173], [203773, 43728], [203773, 46852], [203773, 43755], [203773, 29740], [203773, 45782], [203773, 44929]]","[203769, 203770, 203771, 203772, 203773]",5,174,0.16046932339668274,,,gcn,174,0.8122275235245291,0.8183222773278646,test,,attacks/gcn_node_injection_20260120_162321_409477
PGD,,0.006,,,,,,0.03,,,,True,,,10,0,False,,,,,,,,,mps,,,gcn,,,,,,test,1.0,True,,174,True,0,20260120_161448_384875,0.9517022961203484,"[[8302, 131], [296, 112]]",0.6595070469220264,0.34408602150537637,243,8841,0.7132393694772543,0.4609053497942387,0.6294877965415978,0.27450980392156865,test,,,,,174,,,,,,,,,,62,0.3563218390804598,0.0,0.3563218390804598,0,174,0,62,PGD,174,,0.9586019681031558,"[[8301, 132], [234, 174]]",0.7329124719194609,0.48739495798319327,306,8841,0.7706054653847478,0.5686274509803921,0.705408897817398,0.4264705882352941,test,0.6595070469220264,0.7329124719194609,0.34408602150537637,0.48739495798319327,,,,,174,0.28278273344039917,,,gcn,174,0.8083852419184204,0.8183222773278646,test,,attacks/gcn_pgd_20260120_161448_384875
PGD,,0.002,,,,,,0.03,,,,True,,,30,0,False,,,,,,,,,mps,,,gcn,,,,,,test,1.0,True,,174,True,0,20260120_161459_899329,0.9515891867435811,"[[8302, 131], [297, 111]]",0.6582046464573472,0.3415384615384615,242,8841,0.7120693930391675,0.45867768595041325,0.6282623063455194,0.27205882352941174,test,,,,,174,,,,,,,,,,63,0.3620689655172414,0.0,0.3620689655172414,0,174,0,63,PGD,174,,0.9586019681031558,"[[8301, 132], [234, 174]]",0.7329124719194609,0.48739495798319327,306,8841,0.7706054653847478,0.5686274509803921,0.705408897817398,0.4264705882352941,test,0.6582046464573472,0.7329124719194609,0.3415384615384615,0.48739495798319327,,,,,174,0.28378668427467346,,,gcn,174,0.808350655571134,0.8183222773278646,test,,attacks/gcn_pgd_20260120_161459_899329
PGD,,0.01,,,,,,0.05,,,,True,,,10,0,False,,,,,,,,,mps,,,gcn,,,,,,test,1.0,True,,174,True,0,20260120_161504_303154,0.9467254835425857,"[[8302, 131], [340, 68]]",0.5982342654390819,0.22405271828665568,199,8841,0.6511828989892764,0.3417085427135678,0.5755662279141468,0.16666666666666666,test,,,,,174,,,,,,,,,,106,0.6091954022988506,0.0,0.6091954022988506,0,174,0,106,PGD,174,,0.9586019681031558,"[[8301, 132], [234, 174]]",0.7329124719194609,0.48739495798319327,306,8841,0.7706054653847478,0.5686274509803921,0.705408897817398,0.4264705882352941,test,0.5982342654390819,0.7329124719194609,0.22405271828665568,0.48739495798319327,,,,,174,0.5109632015228271,,,gcn,174,0.7551801047704746,0.8183222773278646,test,,attacks/gcn_pgd_20260120_161504_303154
PGD,,0.0033333333333333335,,,,,,0.05,,,,True,,,30,0,False,,,,,,,,,mps,,,gcn,,,,,,test,1.0,True,,174,True,0,20260120_161515_875746,0.9466123741658183,"[[8302, 131], [341, 67]]",0.5967404892281216,0.22112211221122113,198,8841,0.6494649725298806,0.3383838383838384,0.5743407377180684,0.1642156862745098,test,,,,,174,,,,,,,,,,107,0.6149425287356322,0.0,0.6149425287356322,0,174,0,107,PGD,174,,0.9586019681031558,"[[8301, 132], [234, 174]]",0.7329124719194609,0.48739495798319327,306,8841,0.7706054653847478,0.5686274509803921,0.705408897817398,0.4264705882352941,test,0.5967404892281216,0.7329124719194609,0.22112211221122113,0.48739495798319327,,,,,174,0.5119420886039734,,,gcn,174,0.7540884550191475,0.8183222773278646,test,,attacks/gcn_pgd_20260120_161515_875746
PGD,,0.02,,,,,,0.1,,,,True,,,10,0,False,,,,,,,,,mps,,,gcn,,,,,,test,1.0,True,,174,True,0,20260120_161520_343213,0.9405044678203823,"[[8302, 131], [395, 13]]",0.5081975430848499,0.04710144927536232,144,8841,0.5224299087808056,0.09027777777777778,0.5081642671298331,0.031862745098039214,test,,,,,174,,,,,,,,,,161,0.9252873563218391,0.0,0.9252873563218391,0,174,0,161,PGD,174,,0.9586019681031558,"[[8301, 132], [234, 174]]",0.7329124719194609,0.48739495798319327,306,8841,0.7706054653847478,0.5686274509803921,0.705408897817398,0.4264705882352941,test,0.5081975430848499,0.7329124719194609,0.04710144927536232,0.48739495798319327,,,,,174,0.8046867251396179,,,gcn,174,0.6588135313416248,0.8183222773278646,test,,attacks/gcn_pgd_20260120_161520_343213
PGD,,0.006666666666666667,,,,,,0.1,,,,True,,,30,0,False,,,,,,,,,mps,,,gcn,,,,,,test,1.0,True,,174,True,0,20260120_161531_904244,0.9405044678203823,"[[8302, 131], [395, 13]]",0.5081975430848499,0.04710144927536232,144,8841,0.5224299087808056,0.09027777777777778,0.5081642671298331,0.031862745098039214,test,,,,,174,,,,,,,,,,161,0.9252873563218391,0.0,0.9252873563218391,0,174,0,161,PGD,174,,0.9586019681031558,"[[8301, 132], [234, 174]]",0.7329124719194609,0.48739495798319327,306,8841,0.7706054653847478,0.5686274509803921,0.705408897817398,0.4264705882352941,test,0.5081975430848499,0.7329124719194609,0.04710144927536232,0.48739495798319327,,,,,174,0.8079683184623718,,,gcn,174,0.6569618538747172,0.8183222773278646,test,,attacks/gcn_pgd_20260120_161531_904244
PGD,,0.006,,,,,,0.03,,,,True,,,10,0,False,,,,,,,,,mps,,,gcn,,,,,,test,1.0,True,,174,True,1,20260120_161536_277239,0.9517022961203484,"[[8302, 131], [296, 112]]",0.6595070469220264,0.34408602150537637,243,8841,0.7132393694772543,0.4609053497942387,0.6294877965415978,0.27450980392156865,test,,,,,174,,,,,,,,,,62,0.3563218390804598,0.0,0.3563218390804598,0,174,0,62,PGD,174,,0.9586019681031558,"[[8301, 132], [234, 174]]",0.7329124719194609,0.48739495798319327,306,8841,0.7706054653847478,0.5686274509803921,0.705408897817398,0.4264705882352941,test,0.6595070469220264,0.7329124719194609,0.34408602150537637,0.48739495798319327,,,,,174,0.2825908064842224,,,gcn,174,0.8084270943050528,0.8183222773278646,test,,attacks/gcn_pgd_20260120_161536_277239
PGD,,0.002,,,,,,0.03,,,,True,,,30,0,False,,,,,,,,,mps,,,gcn,,,,,,test,1.0,True,,174,True,1,20260120_161547_854896,0.9517022961203484,"[[8302, 131], [296, 112]]",0.6595070469220264,0.34408602150537637,243,8841,0.7132393694772543,0.4609053497942387,0.6294877965415978,0.27450980392156865,test,,,,,174,,,,,,,,,,62,0.3563218390804598,0.0,0.3563218390804598,0,174,0,62,PGD,174,,0.9586019681031558,"[[8301, 132], [234, 174]]",0.7329124719194609,0.48739495798319327,306,8841,0.7706054653847478,0.5686274509803921,0.705408897817398,0.4264705882352941,test,0.6595070469220264,0.7329124719194609,0.34408602150537637,0.48739495798319327,,,,,174,0.28316131234169006,,,gcn,174,0.8083779758790746,0.8183222773278646,test,,attacks/gcn_pgd_20260120_161547_854896
PGD,,0.01,,,,,,0.05,,,,True,,,10,0,False,,,,,,,,,mps,,,gcn,,,,,,test,1.0,True,,174,True,1,20260120_161552_234469,0.9467254835425857,"[[8302, 131], [340, 68]]",0.5982342654390819,0.22405271828665568,199,8841,0.6511828989892764,0.3417085427135678,0.5755662279141468,0.16666666666666666,test,,,,,174,,,,,,,,,,106,0.6091954022988506,0.0,0.6091954022988506,0,174,0,106,PGD,174,,0.9586019681031558,"[[8301, 132], [234, 174]]",0.7329124719194609,0.48739495798319327,306,8841,0.7706054653847478,0.5686274509803921,0.705408897817398,0.4264705882352941,test,0.5982342654390819,0.7329124719194609,0.22405271828665568,0.48739495798319327,,,,,174,0.5104762315750122,,,gcn,174,0.7548563300572215,0.8183222773278646,test,,attacks/gcn_pgd_20260120_161552_234469
PGD,,0.0033333333333333335,,,,,,0.05,,,,True,,,30,0,False,,,,,,,,,mps,,,gcn,,,,,,test,1.0,True,,174,True,1,20260120_161603_768442,0.9467254835425857,"[[8302, 131], [340, 68]]",0.5982342654390819,0.22405271828665568,199,8841,0.6511828989892764,0.3417085427135678,0.5755662279141468,0.16666666666666666,test,,,,,174,,,,,,,,,,106,0.6091954022988506,0.0,0.6091954022988506,0,174,0,106,PGD,174,,0.9586019681031558,"[[8301, 132], [234, 174]]",0.7329124719194609,0.48739495798319327,306,8841,0.7706054653847478,0.5686274509803921,0.705408897817398,0.4264705882352941,test,0.5982342654390819,0.7329124719194609,0.22405271828665568,0.48739495798319327,,,,,174,0.5121742486953735,,,gcn,174,0.7543907222559366,0.8183222773278646,test,,attacks/gcn_pgd_20260120_161603_768442
PGD,,0.02,,,,,,0.1,,,,True,,,10,0,False,,,,,,,,,mps,,,gcn,,,,,,test,1.0,True,,174,True,1,20260120_161608_157466,0.9405044678203823,"[[8302, 131], [395, 13]]",0.5081975430848499,0.04710144927536232,144,8841,0.5224299087808056,0.09027777777777778,0.5081642671298331,0.031862745098039214,test,,,,,174,,,,,,,,,,161,0.9252873563218391,0.0,0.9252873563218391,0,174,0,161,PGD,174,,0.9586019681031558,"[[8301, 132], [234, 174]]",0.7329124719194609,0.48739495798319327,306,8841,0.7706054653847478,0.5686274509803921,0.705408897817398,0.4264705882352941,test,0.5081975430848499,0.7329124719194609,0.04710144927536232,0.48739495798319327,,,,,174,0.803974986076355,,,gcn,174,0.6587152944896684,0.8183222773278646,test,,attacks/gcn_pgd_20260120_161608_157466
PGD,,0.006666666666666667,,,,,,0.1,,,,True,,,30,0,False,,,,,,,,,mps,,,gcn,,,,,,test,1.0,True,,174,True,1,20260120_161619_742431,0.9405044678203823,"[[8302, 131], [395, 13]]",0.5081975430848499,0.04710144927536232,144,8841,0.5224299087808056,0.09027777777777778,0.5081642671298331,0.031862745098039214,test,,,,,174,,,,,,,,,,161,0.9252873563218391,0.0,0.9252873563218391,0,174,0,161,PGD,174,,0.9586019681031558,"[[8301, 132], [234, 174]]",0.7329124719194609,0.48739495798319327,306,8841,0.7706054653847478,0.5686274509803921,0.705408897817398,0.4264705882352941,test,0.5081975430848499,0.7329124719194609,0.04710144927536232,0.48739495798319327,,,,,174,0.806108832359314,,,gcn,174,0.6568086857653059,0.8183222773278646,test,,attacks/gcn_pgd_20260120_161619_742431
